ref/galprop_webrun_10050003/IC_emiss_54_10050003.gz	copy	1295797	6f30f4d7f3cf7297290885f7f473646a78a20242baf290387874d1cd85e9f373	ref__galprop_webrun_10050003__IC_emiss_54_10050003.gz
ref/galprop_webrun_10050003/bremss_H2R_ring_10_healpix_54_10050003.gz	copy	1212879	4c5fbb2e008800d268aa8f0e03382c525b7b17aca1868e0afbcd28e417497de6	ref__galprop_webrun_10050003__bremss_H2R_ring_10_healpix_54_10050003.gz
ref/galprop_webrun_10050003/bremss_H2R_ring_11_healpix_54_10050003.gz	copy	1342114	dd089a9024920c7e0ee043686e8c049e327eeddf8c9beca366aed21f0a274280	ref__galprop_webrun_10050003__bremss_H2R_ring_11_healpix_54_10050003.gz
ref/galprop_webrun_10050003/bremss_H2R_ring_12_healpix_54_10050003.gz	copy	1763563	8a04814539ea061cee4dc8fe390da4222fcaa177c4b3e1a60003cf73705df9a8	ref__galprop_webrun_10050003__bremss_H2R_ring_12_healpix_54_10050003.gz
ref/galprop_webrun_10050003/bremss_H2R_ring_13_healpix_54_10050003.gz	copy	9634793	3613374c09b2dfd53060309b69036cf746bdf00c3ab9d1a39f9dab419c20d422	ref__galprop_webrun_10050003__bremss_H2R_ring_13_healpix_54_10050003.gz
ref/galprop_webrun_10050003/bremss_H2R_ring_14_healpix_54_10050003.gz	copy	2140597	213f8261b0899049f17e198eab9d46e81cb10aefadcfe9bad45c7489e2f29844	ref__galprop_webrun_10050003__bremss_H2R_ring_14_healpix_54_10050003.gz
ref/galprop_webrun_10050003/bremss_H2R_ring_15_healpix_54_10050003.gz	copy	2101828	37ff15890067cdd36dbc8a6295b7f9987d8d22ee1a1bf617a29d41a884874dc3	ref__galprop_webrun_10050003__bremss_H2R_ring_15_healpix_54_10050003.gz
ref/galprop_webrun_10050003/bremss_H2R_ring_16_healpix_54_10050003.gz	copy	864886	cc3ad1c862406f19190131baec4a6e4c965302dc9f2c618ac03c1dca1ef893f3	ref__galprop_webrun_10050003__bremss_H2R_ring_16_healpix_54_10050003.gz
ref/galprop_webrun_10050003/bremss_H2R_ring_17_healpix_54_10050003.gz	copy	983303	727d33579f714da0b2245c5ead00f70e86ca64d9692b6cd496afa875fbc833ed	ref__galprop_webrun_10050003__bremss_H2R_ring_17_healpix_54_10050003.gz
ref/galprop_webrun_10050003/bremss_H2R_ring_1_healpix_54_10050003.gz	copy	469137	67e9cbe685ed7b6d38964f258ea9bec4f8a388b3b943c33af792552669ce0d93	ref__galprop_webrun_10050003__bremss_H2R_ring_1_healpix_54_10050003.gz
ref/galprop_webrun_10050003/bremss_H2R_ring_2_healpix_54_10050003.gz	copy	369463	71acf1729a46c20744af5c4479d3a87b8ff97fcbea7dd550fd3bc41e0c63381f	ref__galprop_webrun_10050003__bremss_H2R_ring_2_healpix_54_10050003.gz
ref/galprop_webrun_10050003/bremss_H2R_ring_3_healpix_54_10050003.gz	copy	623245	459050b912c90679c221378eeb9b26533201c1993761223326aca2e7e584688c	ref__galprop_webrun_10050003__bremss_H2R_ring_3_healpix_54_10050003.gz
ref/galprop_webrun_10050003/bremss_H2R_ring_4_healpix_54_10050003.gz	copy	658153	36bb8ee39fcba63661defc0f99829340af8ce3cc81d7d31f834c2ebf5c590921	ref__galprop_webrun_10050003__bremss_H2R_ring_4_healpix_54_10050003.gz
ref/galprop_webrun_10050003/bremss_H2R_ring_5_healpix_54_10050003.gz	copy	667383	38a5596a4bb25620f39ec15d3c31cce98f4cc0b9bd436090718679b3aa58f173	ref__galprop_webrun_10050003__bremss_H2R_ring_5_healpix_54_10050003.gz
ref/galprop_webrun_10050003/bremss_H2R_ring_6_healpix_54_10050003.gz	copy	746819	27f17a3d52c77bb883ae2b58c35230e28f622cda9f01d061630b56de5a9e3409	ref__galprop_webrun_10050003__bremss_H2R_ring_6_healpix_54_10050003.gz
ref/galprop_webrun_10050003/bremss_H2R_ring_7_healpix_54_10050003.gz	copy	764083	c8445f74f3923b68aca71e0ba0eb6ce78e7e7c3a65b8172d3449c4d03e115c90	ref__galprop_webrun_10050003__bremss_H2R_ring_7_healpix_54_10050003.gz
ref/galprop_webrun_10050003/bremss_H2R_ring_8_healpix_54_10050003.gz	copy	869892	a40c59ca95139b2d6571e3f303144070a8a858d57fbdf34de554e2cdaf9a1db7	ref__galprop_webrun_10050003__bremss_H2R_ring_8_healpix_54_10050003.gz
ref/galprop_webrun_10050003/bremss_H2R_ring_9_healpix_54_10050003.gz	copy	963877	090b0783c875c1f6defe2a82e7f95d419e714fc814c59e179360a0ae55121e3a	ref__galprop_webrun_10050003__bremss_H2R_ring_9_healpix_54_10050003.gz
ref/galprop_webrun_10050003/bremss_HII_ring_10_healpix_54_10050003.gz	copy	15131548	2ce72e303dc4c7dfe16a1ce9d3c998e72768e8bf448388dae504d5f42381f969	ref__galprop_webrun_10050003__bremss_HII_ring_10_healpix_54_10050003.gz
ref/galprop_webrun_10050003/bremss_HII_ring_11_healpix_54_10050003.gz	copy	17179900	53218ceff93aae85f3af3012e0aa326953495532adad4ab00f4cde590ded4dcb	ref__galprop_webrun_10050003__bremss_HII_ring_11_healpix_54_10050003.gz
ref/galprop_webrun_10050003/bremss_HII_ring_12_healpix_54_10050003.gz	copy	22466306	15813c239f404e999a9dc07f5733e5cfe81e75b2b5bf63bf024287545dcc32b5	ref__galprop_webrun_10050003__bremss_HII_ring_12_healpix_54_10050003.gz
ref/galprop_webrun_10050003/bremss_HII_ring_13_healpix_54_10050003.gz	copy	50657013	b018b6d502467ab5a5652214eda9d3f547578ed93feb80c2a0607a1df81b7bf1	ref__galprop_webrun_10050003__bremss_HII_ring_13_healpix_54_10050003.gz
ref/galprop_webrun_10050003/bremss_HII_ring_14_healpix_54_10050003.gz	copy	34130727	df553a32abf9590b5fb359fa4bba5cb55c24caf520f0a6e4d35936ac9eba090a	ref__galprop_webrun_10050003__bremss_HII_ring_14_healpix_54_10050003.gz
ref/galprop_webrun_10050003/bremss_HII_ring_15_healpix_54_10050003.gz	copy	30423522	77dced57a32a8e2bb8155bc3dc98904134fa5d3b3e22b5d74c1b33dd26dff895	ref__galprop_webrun_10050003__bremss_HII_ring_15_healpix_54_10050003.gz
ref/galprop_webrun_10050003/bremss_HII_ring_16_healpix_54_10050003.gz	copy	20883780	858c115935632940b8a332c21cd5786aab8207ff0cf9baaac6a89fc9e24cf9d7	ref__galprop_webrun_10050003__bremss_HII_ring_16_healpix_54_10050003.gz
ref/galprop_webrun_10050003/bremss_HII_ring_17_healpix_54_10050003.gz	copy	17954090	bc035c9c3bf17ba905a9e41d631f2b09f3823ca2b4ac440a660306ca907023c7	ref__galprop_webrun_10050003__bremss_HII_ring_17_healpix_54_10050003.gz
ref/galprop_webrun_10050003/bremss_HII_ring_1_healpix_54_10050003.gz	copy	2868927	d2436381ee7f315a30d9eb52db7b7d420ddaa3920bc82d5a84be79100454b83f	ref__galprop_webrun_10050003__bremss_HII_ring_1_healpix_54_10050003.gz
ref/galprop_webrun_10050003/bremss_HII_ring_2_healpix_54_10050003.gz	copy	3204600	3b86f7b48cba98989ec7d75edc13d8dd5f37fa73d01ff28c47248408bff799e4	ref__galprop_webrun_10050003__bremss_HII_ring_2_healpix_54_10050003.gz
ref/galprop_webrun_10050003/bremss_HII_ring_3_healpix_54_10050003.gz	copy	4086439	d8cf454c2a3f569688926402bc10c1843574a4969d6c35786fcfcc294f9ef979	ref__galprop_webrun_10050003__bremss_HII_ring_3_healpix_54_10050003.gz
ref/galprop_webrun_10050003/bremss_HII_ring_4_healpix_54_10050003.gz	copy	5117316	1bf8cdb23351493e83fc7ef2b686a6156eff9edc76eefd3bec5dea774e1d6038	ref__galprop_webrun_10050003__bremss_HII_ring_4_healpix_54_10050003.gz
ref/galprop_webrun_10050003/bremss_HII_ring_5_healpix_54_10050003.gz	copy	6054404	04e9cef673ffb69065610fef883b3f4aee0eb2b07bcded77abbed653a61d5d0a	ref__galprop_webrun_10050003__bremss_HII_ring_5_healpix_54_10050003.gz
ref/galprop_webrun_10050003/bremss_HII_ring_6_healpix_54_10050003.gz	copy	7223933	338345c97b53f5e2280ddf93f1e4743b3ebcd03e91c3bba9027e6cb9b5ee75dc	ref__galprop_webrun_10050003__bremss_HII_ring_6_healpix_54_10050003.gz
ref/galprop_webrun_10050003/bremss_HII_ring_7_healpix_54_10050003.gz	copy	8573406	7e8179ffbef885a89c7a858e24b1c1c33d81dd3719d005766bf288a9a889d316	ref__galprop_webrun_10050003__bremss_HII_ring_7_healpix_54_10050003.gz
ref/galprop_webrun_10050003/bremss_HII_ring_8_healpix_54_10050003.gz	copy	9918084	cba6912dc4695c1fe6fc63cdc9f94a72fd113bb0d899f4dff478876d2fa81b24	ref__galprop_webrun_10050003__bremss_HII_ring_8_healpix_54_10050003.gz
ref/galprop_webrun_10050003/bremss_HII_ring_9_healpix_54_10050003.gz	copy	11432120	966971d8d636c7257ba72bf62c747ed1194e5d13f01ca6f43c9da7d518029186	ref__galprop_webrun_10050003__bremss_HII_ring_9_healpix_54_10050003.gz
ref/galprop_webrun_10050003/bremss_HIR_ring_10_healpix_54_10050003.gz	copy	6626575	8e3f0a4928b2e4f3115d825c4a385f20833c92135382c22554651a66a7c68c4d	ref__galprop_webrun_10050003__bremss_HIR_ring_10_healpix_54_10050003.gz
ref/galprop_webrun_10050003/bremss_HIR_ring_11_healpix_54_10050003.gz	copy	8867621	d5eed848b51b6f04afd2f2e3350b97ce7cd46735ffcc1681bd7cbeefc55cacbf	ref__galprop_webrun_10050003__bremss_HIR_ring_11_healpix_54_10050003.gz
ref/galprop_webrun_10050003/bremss_HIR_ring_12_healpix_54_10050003.gz	copy	18647786	7321f159e89d203dc2a69903b375e4d5ceac38745aadda956c698fcb14206691	ref__galprop_webrun_10050003__bremss_HIR_ring_12_healpix_54_10050003.gz
ref/galprop_webrun_10050003/bremss_HIR_ring_13_healpix_54_10050003.gz	copy	57943249	0f7af6f23f3479603e60f5911717d9e74afeec64434e38b184a96d5f7d6fe395	ref__galprop_webrun_10050003__bremss_HIR_ring_13_healpix_54_10050003.gz
ref/galprop_webrun_10050003/bremss_HIR_ring_14_healpix_54_10050003.gz	copy	15451175	299fb83e0509d620eeca496ac7ae1435210b706297234d150890edf91d6953f6	ref__galprop_webrun_10050003__bremss_HIR_ring_14_healpix_54_10050003.gz
ref/galprop_webrun_10050003/bremss_HIR_ring_15_healpix_54_10050003.gz	copy	9845612	9b82e8477b998646f2ae04f57719b324cb3f27de627ab034f7accc5a75ae22d0	ref__galprop_webrun_10050003__bremss_HIR_ring_15_healpix_54_10050003.gz
ref/galprop_webrun_10050003/bremss_HIR_ring_16_healpix_54_10050003.gz	copy	5329385	dba25db03c24928e3dc8638c21edcb7eb3ab23acfce3be02d6659952cb47b75f	ref__galprop_webrun_10050003__bremss_HIR_ring_16_healpix_54_10050003.gz
ref/galprop_webrun_10050003/bremss_HIR_ring_17_healpix_54_10050003.gz	copy	4541675	3067a323f2c01033488e365927804290f2070dd43b9b8cd7e395692be1b8449e	ref__galprop_webrun_10050003__bremss_HIR_ring_17_healpix_54_10050003.gz
ref/galprop_webrun_10050003/bremss_HIR_ring_1_healpix_54_10050003.gz	copy	855676	4481d8a7cdad2fe6954b595d656aacf11770dbf3cd03319b2b8c895210b8f819	ref__galprop_webrun_10050003__bremss_HIR_ring_1_healpix_54_10050003.gz
ref/galprop_webrun_10050003/bremss_HIR_ring_2_healpix_54_10050003.gz	copy	920623	13b445b776fdb40b43dad0335aca7ebb9d3e6f84c91d2fd61164fdb561401dd9	ref__galprop_webrun_10050003__bremss_HIR_ring_2_healpix_54_10050003.gz
ref/galprop_webrun_10050003/bremss_HIR_ring_3_healpix_54_10050003.gz	copy	1183671	32760086b118d7839d9ffb856c26b96dcb2b9071706d127ec0d4a84e09c95712	ref__galprop_webrun_10050003__bremss_HIR_ring_3_healpix_54_10050003.gz
ref/galprop_webrun_10050003/bremss_HIR_ring_4_healpix_54_10050003.gz	copy	1468857	387ee186dad3a5dedc40f8fcd3831c488872647ec79b8ef1f87fc34f9b43946f	ref__galprop_webrun_10050003__bremss_HIR_ring_4_healpix_54_10050003.gz
ref/galprop_webrun_10050003/bremss_HIR_ring_5_healpix_54_10050003.gz	copy	1757126	0a31ad646a2b868e6d5c1c4fe8da2440140a98d7d67fb086d5e9f0a09d071cf5	ref__galprop_webrun_10050003__bremss_HIR_ring_5_healpix_54_10050003.gz
ref/galprop_webrun_10050003/bremss_HIR_ring_6_healpix_54_10050003.gz	copy	2152297	85a313291727ba7c0b0a2005cbc20ec067f5c79346c5fcc375940f6b549b0672	ref__galprop_webrun_10050003__bremss_HIR_ring_6_healpix_54_10050003.gz
ref/galprop_webrun_10050003/bremss_HIR_ring_7_healpix_54_10050003.gz	copy	2624355	358b504ae8fda23f44885027f27231f7515f8e8bd34f582d854e3d3ecdc773f7	ref__galprop_webrun_10050003__bremss_HIR_ring_7_healpix_54_10050003.gz
ref/galprop_webrun_10050003/bremss_HIR_ring_8_healpix_54_10050003.gz	copy	3223106	f638f89fdc6221940d1f550e5b7ea82980bb857906bdbd6abc8cc44981786249	ref__galprop_webrun_10050003__bremss_HIR_ring_8_healpix_54_10050003.gz
ref/galprop_webrun_10050003/bremss_HIR_ring_9_healpix_54_10050003.gz	copy	4029903	3281c5722439fa5ab283f80b66d7dc2b4fa20d144319efb4c7f04de318c182fe	ref__galprop_webrun_10050003__bremss_HIR_ring_9_healpix_54_10050003.gz
ref/galprop_webrun_10050003/bremss_emiss_54_10050003.gz	copy	373626	b2dee0389b577d6db82b7bf5fe1589fa0981ffb2a0558aeb140cf33bdf944e13	ref__galprop_webrun_10050003__bremss_emiss_54_10050003.gz
ref/galprop_webrun_10050003/bremss_healpix_54_10050003.gz	copy	57933817	82415574dabb658c03c3b1de42b6ea3d9391818fc475ef1721851fce7d739b40	ref__galprop_webrun_10050003__bremss_healpix_54_10050003.gz
ref/galprop_webrun_10050003/bremss_ionized_healpix_54_10050003.gz	copy	41758739	ca2b594e59506822b259c79b69e7fb83b62b07026430bfff934c0ca2d2b469ac	ref__galprop_webrun_10050003__bremss_ionized_healpix_54_10050003.gz
ref/galprop_webrun_10050003/ics_isotropic_comp_1_healpix_54_10050003.gz	copy	51265646	ef3cd98efe5dd2eadb6b3de8c7f57a3702683727198d872c7de72426f595c32c	ref__galprop_webrun_10050003__ics_isotropic_comp_1_healpix_54_10050003.gz
ref/galprop_webrun_10050003/ics_isotropic_comp_2_healpix_54_10050003.gz	copy	51122697	716feb48efb2e5f8b1f42cc16d6831a82c7c10662ca0db40427860dd71c3f371	ref__galprop_webrun_10050003__ics_isotropic_comp_2_healpix_54_10050003.gz
ref/galprop_webrun_10050003/ics_isotropic_comp_3_healpix_54_10050003.gz	copy	50706409	6f8622ad9b1a331f3c924f784a048a5e06029938cdbc4260fd902e8b52e041e1	ref__galprop_webrun_10050003__ics_isotropic_comp_3_healpix_54_10050003.gz
ref/galprop_webrun_10050003/ics_isotropic_healpix_54_10050003.gz	copy	51197162	4793b079b5e344220fa7f7b322c68cd64b9e84bd27e73790536515dfd1ea788c	ref__galprop_webrun_10050003__ics_isotropic_healpix_54_10050003.gz
ref/galprop_webrun_10050003/nuclei_54_10050003.gz	copy	1023298	346cf0377c9a1a39222f821dc0acf9738dae07f8c30c9e7c8d60ace15ad6dee3	ref__galprop_webrun_10050003__nuclei_54_10050003.gz
ref/galprop_webrun_10050003/nuclei_full_54_10050003.gz	split	116729040	ac6df582118191048e624ba75eb5c9c3b6bcf75ab4a991cae0bcad3f81f843e8	ref__galprop_webrun_10050003__nuclei_full_54_10050003.gz
ref/galprop_webrun_10050003/pi0_decay_H2R_ring_10_healpix_54_10050003.gz	copy	1212106	3512774d0a1aa37382009301964e3f9b1fadd1977a304bf1b5b04169fd1c8725	ref__galprop_webrun_10050003__pi0_decay_H2R_ring_10_healpix_54_10050003.gz
ref/galprop_webrun_10050003/pi0_decay_H2R_ring_11_healpix_54_10050003.gz	copy	1340975	79df4d3e330f0568b066c1dac0f6eddc07afbed0a6c214638db1a75c8c2d279f	ref__galprop_webrun_10050003__pi0_decay_H2R_ring_11_healpix_54_10050003.gz
ref/galprop_webrun_10050003/pi0_decay_H2R_ring_12_healpix_54_10050003.gz	copy	1762790	9de254f7c8da9b00c26a49d29d7e892c2afe0c71a4f67602edea27d87af0bef1	ref__galprop_webrun_10050003__pi0_decay_H2R_ring_12_healpix_54_10050003.gz
ref/galprop_webrun_10050003/pi0_decay_H2R_ring_13_healpix_54_10050003.gz	copy	9619652	b85eaf766744c4d1f98308413f9f2ec1462df60327f89b17c4cc948f0b270423	ref__galprop_webrun_10050003__pi0_decay_H2R_ring_13_healpix_54_10050003.gz
ref/galprop_webrun_10050003/pi0_decay_H2R_ring_14_healpix_54_10050003.gz	copy	2136237	ecf9c1c8e43cff6a6a00c9fd72254a73a06355ff14ae569c6d3ba0162a89f96e	ref__galprop_webrun_10050003__pi0_decay_H2R_ring_14_healpix_54_10050003.gz
ref/galprop_webrun_10050003/pi0_decay_H2R_ring_15_healpix_54_10050003.gz	copy	2098008	dc6bf5293f625aa1326626078e2e3aecb1b076636817a4388bbaa71dad80bf63	ref__galprop_webrun_10050003__pi0_decay_H2R_ring_15_healpix_54_10050003.gz
ref/galprop_webrun_10050003/pi0_decay_H2R_ring_16_healpix_54_10050003.gz	copy	863187	78e65b4eb3f989ced0b9a185ddccb1d00aacdb708cc5d9f1127fac7a2e6d7a3d	ref__galprop_webrun_10050003__pi0_decay_H2R_ring_16_healpix_54_10050003.gz
ref/galprop_webrun_10050003/pi0_decay_H2R_ring_17_healpix_54_10050003.gz	copy	981018	0d0cc9edec5f8b8d4732b645b81f66bee049701bf2e55b13d25ec04e9bc701c3	ref__galprop_webrun_10050003__pi0_decay_H2R_ring_17_healpix_54_10050003.gz
ref/galprop_webrun_10050003/pi0_decay_H2R_ring_1_healpix_54_10050003.gz	copy	468843	96b091e1849ea5a57e74298c7112620235c1978848e9b8bea94d735df66fdc63	ref__galprop_webrun_10050003__pi0_decay_H2R_ring_1_healpix_54_10050003.gz
ref/galprop_webrun_10050003/pi0_decay_H2R_ring_2_healpix_54_10050003.gz	copy	369247	fe852fc55fd9e1884dd1259553f217a7080f7a17cb08d020601d32c4cec26f6d	ref__galprop_webrun_10050003__pi0_decay_H2R_ring_2_healpix_54_10050003.gz
ref/galprop_webrun_10050003/pi0_decay_H2R_ring_3_healpix_54_10050003.gz	copy	622496	748b29c7b5c71c26c2047621eb193e8671e83fd7aaa23d64073e9e682f07e831	ref__galprop_webrun_10050003__pi0_decay_H2R_ring_3_healpix_54_10050003.gz
ref/galprop_webrun_10050003/pi0_decay_H2R_ring_4_healpix_54_10050003.gz	copy	657132	7d245487f3c7e539550e6e3a0bb80d8ce5e7259271e3acb0476f988570b42ee6	ref__galprop_webrun_10050003__pi0_decay_H2R_ring_4_healpix_54_10050003.gz
ref/galprop_webrun_10050003/pi0_decay_H2R_ring_5_healpix_54_10050003.gz	copy	666398	be970c5a66450229cd1942a9ba60ecb5b02fdf30fb8762b54cc8d8c9a12719cd	ref__galprop_webrun_10050003__pi0_decay_H2R_ring_5_healpix_54_10050003.gz
ref/galprop_webrun_10050003/pi0_decay_H2R_ring_6_healpix_54_10050003.gz	copy	745834	4215b95a77edcab1633e9495dc5b2e2d100e1135ffbc65b1ba0e005de7e89277	ref__galprop_webrun_10050003__pi0_decay_H2R_ring_6_healpix_54_10050003.gz
ref/galprop_webrun_10050003/pi0_decay_H2R_ring_7_healpix_54_10050003.gz	copy	763230	4cfece89f0de404eef628342970ea5615f4401cc9b6cef9a03bb716d219e013c	ref__galprop_webrun_10050003__pi0_decay_H2R_ring_7_healpix_54_10050003.gz
ref/galprop_webrun_10050003/pi0_decay_H2R_ring_8_healpix_54_10050003.gz	copy	868725	c24e4887859e71880df136023f9fc6601fb70852413c516ac117a9051a0e71ec	ref__galprop_webrun_10050003__pi0_decay_H2R_ring_8_healpix_54_10050003.gz
ref/galprop_webrun_10050003/pi0_decay_H2R_ring_9_healpix_54_10050003.gz	copy	962738	0eb0f7914ab6bc647f6a830dfd6b6e76de13823f06155326f900b01af8ac6c21	ref__galprop_webrun_10050003__pi0_decay_H2R_ring_9_healpix_54_10050003.gz
ref/galprop_webrun_10050003/pi0_decay_HII_ring_10_healpix_54_10050003.gz	copy	15088917	d2467d456f7eabf21fc17e0c73dd737aa5c81af95014270c31ca6c113d70a2fd	ref__galprop_webrun_10050003__pi0_decay_HII_ring_10_healpix_54_10050003.gz
ref/galprop_webrun_10050003/pi0_decay_HII_ring_11_healpix_54_10050003.gz	copy	17129957	13ddb3ef46cf813a0304854370fa64a2e57c5fe60641cc2d8dca35b952078ebf	ref__galprop_webrun_10050003__pi0_decay_HII_ring_11_healpix_54_10050003.gz
ref/galprop_webrun_10050003/pi0_decay_HII_ring_12_healpix_54_10050003.gz	copy	22414256	e836da6c824c5ffca6b696ec679f3086bf13868c92c849a6d6e4f73b98681a8f	ref__galprop_webrun_10050003__pi0_decay_HII_ring_12_healpix_54_10050003.gz
ref/galprop_webrun_10050003/pi0_decay_HII_ring_13_healpix_54_10050003.gz	copy	50619260	7ef0f518c8b731cbdfd6910888a241e9545e6c80221dbcca81ebfbcd05ede930	ref__galprop_webrun_10050003__pi0_decay_HII_ring_13_healpix_54_10050003.gz
ref/galprop_webrun_10050003/pi0_decay_HII_ring_14_healpix_54_10050003.gz	copy	34077512	77fcdb514b2a52f5fb4c5d04e5826781be8b02c312842f984cea168d7311527d	ref__galprop_webrun_10050003__pi0_decay_HII_ring_14_healpix_54_10050003.gz
ref/galprop_webrun_10050003/pi0_decay_HII_ring_15_healpix_54_10050003.gz	copy	30370489	bb8a014d4bd47964d23306f48efed50711f9b2482e77b7d11c894497243ea865	ref__galprop_webrun_10050003__pi0_decay_HII_ring_15_healpix_54_10050003.gz
ref/galprop_webrun_10050003/pi0_decay_HII_ring_16_healpix_54_10050003.gz	copy	20810568	30c3c6ea8c37fe3fb16e9794261a4fa43e8fd21737e394bd21792461fe273727	ref__galprop_webrun_10050003__pi0_decay_HII_ring_16_healpix_54_10050003.gz
ref/galprop_webrun_10050003/pi0_decay_HII_ring_17_healpix_54_10050003.gz	copy	17877621	a33f1293535815bb12adf88b5057b1e5bc805c75c6724d0be27387c8cc247fe4	ref__galprop_webrun_10050003__pi0_decay_HII_ring_17_healpix_54_10050003.gz
ref/galprop_webrun_10050003/pi0_decay_HII_ring_1_healpix_54_10050003.gz	copy	2858344	bb9a2b69725729671f99449f19da9ee6f553c05217675fc9f5daf5b3a4706587	ref__galprop_webrun_10050003__pi0_decay_HII_ring_1_healpix_54_10050003.gz
ref/galprop_webrun_10050003/pi0_decay_HII_ring_2_healpix_54_10050003.gz	copy	3189880	1ec667e03c0ea245046b9ee4e91fbca036b515d659160b17bd30fe0bd2ab05a8	ref__galprop_webrun_10050003__pi0_decay_HII_ring_2_healpix_54_10050003.gz
ref/galprop_webrun_10050003/pi0_decay_HII_ring_3_healpix_54_10050003.gz	copy	4068770	b61e985ed7d6348fe90bff6d1af0e4e489488425d9449200c17d62d3460740a4	ref__galprop_webrun_10050003__pi0_decay_HII_ring_3_healpix_54_10050003.gz
ref/galprop_webrun_10050003/pi0_decay_HII_ring_4_healpix_54_10050003.gz	copy	5095438	86367ef5d4f00e9fde87948b60eda569d5ca6dcff4fc0c9ed8d1d16bd262e299	ref__galprop_webrun_10050003__pi0_decay_HII_ring_4_healpix_54_10050003.gz
ref/galprop_webrun_10050003/pi0_decay_HII_ring_5_healpix_54_10050003.gz	copy	6031222	0773d7a87dab81e482d4abb388a2c0d8c7e553b90ac1c5debdec9232214e5451	ref__galprop_webrun_10050003__pi0_decay_HII_ring_5_healpix_54_10050003.gz
ref/galprop_webrun_10050003/pi0_decay_HII_ring_6_healpix_54_10050003.gz	copy	7195539	12e01dedbef9603243844e48078135cceb5bb836b3dfc5d686029c1f60d19b77	ref__galprop_webrun_10050003__pi0_decay_HII_ring_6_healpix_54_10050003.gz
ref/galprop_webrun_10050003/pi0_decay_HII_ring_7_healpix_54_10050003.gz	copy	8541902	7bcd0704361d55c8c5c701b4c1164716a13669837e5ef7c50e525aa5d268a04b	ref__galprop_webrun_10050003__pi0_decay_HII_ring_7_healpix_54_10050003.gz
ref/galprop_webrun_10050003/pi0_decay_HII_ring_8_healpix_54_10050003.gz	copy	9882567	a6da5afd943d5ee90263ec36876d3b95747b98934fdf952a952848b9d691c18e	ref__galprop_webrun_10050003__pi0_decay_HII_ring_8_healpix_54_10050003.gz
ref/galprop_webrun_10050003/pi0_decay_HII_ring_9_healpix_54_10050003.gz	copy	11398431	b83304044491779841d3bd046d69e45cc24236893c14e5b292fc55145a22e0b1	ref__galprop_webrun_10050003__pi0_decay_HII_ring_9_healpix_54_10050003.gz
ref/galprop_webrun_10050003/pi0_decay_HIR_ring_10_healpix_54_10050003.gz	copy	6610566	42080c92b13cb242a75b6466f4cb173490366bc4fafdddefe510884e95fd4c37	ref__galprop_webrun_10050003__pi0_decay_HIR_ring_10_healpix_54_10050003.gz
ref/galprop_webrun_10050003/pi0_decay_HIR_ring_11_healpix_54_10050003.gz	copy	8847136	155a07ca39447ad762aee8ef84677bfff01f589024f604b3afdc644a13555629	ref__galprop_webrun_10050003__pi0_decay_HIR_ring_11_healpix_54_10050003.gz
ref/galprop_webrun_10050003/pi0_decay_HIR_ring_12_healpix_54_10050003.gz	copy	18611911	bfa3d9a4496fe8756c7ff12ef8b456b772de93e6930f5979dbdd7e3817fc06ca	ref__galprop_webrun_10050003__pi0_decay_HIR_ring_12_healpix_54_10050003.gz
ref/galprop_webrun_10050003/pi0_decay_HIR_ring_13_healpix_54_10050003.gz	copy	57908518	30bfc204551ca7740c15c67849a29a221e95e4a66b2e79b8ea895f50bd83f690	ref__galprop_webrun_10050003__pi0_decay_HIR_ring_13_healpix_54_10050003.gz
ref/galprop_webrun_10050003/pi0_decay_HIR_ring_14_healpix_54_10050003.gz	copy	15412032	5d9599caf5de13ddf485dfb8973cf10aac043abdd097fa47634f1ab740d5d7c7	ref__galprop_webrun_10050003__pi0_decay_HIR_ring_14_healpix_54_10050003.gz
ref/galprop_webrun_10050003/pi0_decay_HIR_ring_15_healpix_54_10050003.gz	copy	9824958	addbb865ea5db052e4f62aa9a9310d769e79262d2be85547cf7710c46da6cd06	ref__galprop_webrun_10050003__pi0_decay_HIR_ring_15_healpix_54_10050003.gz
ref/galprop_webrun_10050003/pi0_decay_HIR_ring_16_healpix_54_10050003.gz	copy	5312422	7874f654932c24c60b2e26ec0aa8c6b7daef91a28a9db79d8f55f4bc6baf246e	ref__galprop_webrun_10050003__pi0_decay_HIR_ring_16_healpix_54_10050003.gz
ref/galprop_webrun_10050003/pi0_decay_HIR_ring_17_healpix_54_10050003.gz	copy	4523514	6506b3e8da1b9bbf924c3700159bc2c3a413aa5efa8f96c9554e26c2297cae86	ref__galprop_webrun_10050003__pi0_decay_HIR_ring_17_healpix_54_10050003.gz
ref/galprop_webrun_10050003/pi0_decay_HIR_ring_1_healpix_54_10050003.gz	copy	852578	e7299bc3b1e12a7a49f5f9f2670883e8d69ef404d955d49c1eddb0b0e1aab719	ref__galprop_webrun_10050003__pi0_decay_HIR_ring_1_healpix_54_10050003.gz
ref/galprop_webrun_10050003/pi0_decay_HIR_ring_2_healpix_54_10050003.gz	copy	917237	371740a331f96cee4d40b6b59a45503309931dc86a7ded1502c1dd8c5cee8993	ref__galprop_webrun_10050003__pi0_decay_HIR_ring_2_healpix_54_10050003.gz
ref/galprop_webrun_10050003/pi0_decay_HIR_ring_3_healpix_54_10050003.gz	copy	1180033	42efcb5c14fd71d7377906f9fe7b30d839f3f2584f2c0dfb2710300d43fc1cff	ref__galprop_webrun_10050003__pi0_decay_HIR_ring_3_healpix_54_10050003.gz
ref/galprop_webrun_10050003/pi0_decay_HIR_ring_4_healpix_54_10050003.gz	copy	1464829	350c128e6588d2b5bfa72e2441a5c11217968720f1445e83a0f0d32e8c6b0bc6	ref__galprop_webrun_10050003__pi0_decay_HIR_ring_4_healpix_54_10050003.gz
ref/galprop_webrun_10050003/pi0_decay_HIR_ring_5_healpix_54_10050003.gz	copy	1752709	ed0aa147d56a42ebe1ffa99a35df6bfe28cac8879f4c88aebc34337af8ae3878	ref__galprop_webrun_10050003__pi0_decay_HIR_ring_5_healpix_54_10050003.gz
ref/galprop_webrun_10050003/pi0_decay_HIR_ring_6_healpix_54_10050003.gz	copy	2146429	083dd8972c73159ae8a5595c4cf5827f2b5a3cfdffeff60cada5d57f92e6527a	ref__galprop_webrun_10050003__pi0_decay_HIR_ring_6_healpix_54_10050003.gz
ref/galprop_webrun_10050003/pi0_decay_HIR_ring_7_healpix_54_10050003.gz	copy	2617782	4c0c5c260bb7be9e4619ef85e0e84e457bce5c0623b6361a627833b165257c29	ref__galprop_webrun_10050003__pi0_decay_HIR_ring_7_healpix_54_10050003.gz
ref/galprop_webrun_10050003/pi0_decay_HIR_ring_8_healpix_54_10050003.gz	copy	3214516	8cccd24f244f3eae1b4b75bfa05bba88f98c4bf392892dffa9b17473ca2fc284	ref__galprop_webrun_10050003__pi0_decay_HIR_ring_8_healpix_54_10050003.gz
ref/galprop_webrun_10050003/pi0_decay_HIR_ring_9_healpix_54_10050003.gz	copy	4019140	8b2a17bcc491d760bc69b35fdbab9baa0749cc51d407024a9882f05fb895bcb5	ref__galprop_webrun_10050003__pi0_decay_HIR_ring_9_healpix_54_10050003.gz
ref/galprop_webrun_10050003/pi0_decay_healpix_54_10050003.gz	copy	57902938	0a09f06c2bdb810e5e7ec392802be1b9178062c499f455f039c8df2e61b21e0a	ref__galprop_webrun_10050003__pi0_decay_healpix_54_10050003.gz
ref/galprop_webrun_10050003/pion_decay_emiss_54_10050003.gz	copy	451749	1db9b75b6408c9b6dd4fec2b3b8885edad039d4ece69d4da2d536c5f786ec13f	ref__galprop_webrun_10050003__pion_decay_emiss_54_10050003.gz
ref/galprop_webrun_10050003/primary_Helium_source_function_54_10050003.gz	copy	593300	ddbc1b5f1fa4c19c2fa4b379a60fb9b1fdbe464aed548f7a7429ae86c9779cd3	ref__galprop_webrun_10050003__primary_Helium_source_function_54_10050003.gz
ref/galprop_webrun_10050003/primary_electrons_source_function_54_10050003.gz	copy	552172	84bcebeaf96ec0fcdfc4396e0b3643617bfe25b2d5d51bdaad1441ec48b42445	ref__galprop_webrun_10050003__primary_electrons_source_function_54_10050003.gz
ref/galprop_webrun_10050003/primary_protons_source_function_54_10050003.gz	copy	638907	3002f99ef6e20e71bc83b04f04a3780af4a7609ee22e419b983cb3dc961dce42	ref__galprop_webrun_10050003__primary_protons_source_function_54_10050003.gz
ref/galprop_webrun_10050003/secondary_electrons_source_function_54_10050003.gz	copy	1132390	3e63f8b5a0921ee9d4a8ad5224e3bd4c9aa7d0221a8d0d6fe8e327ca932ae7bb	ref__galprop_webrun_10050003__secondary_electrons_source_function_54_10050003.gz
ref/galprop_webrun_10050003/secondary_positrons_source_function_54_10050003.gz	copy	1148457	8597d9360a7a809fae2041997cf08435baf15343a96ffc697fc895be849709b9	ref__galprop_webrun_10050003__secondary_positrons_source_function_54_10050003.gz
