OK	live	live	https://www.meiji.ac.jp/ams/exam/qfki0t00000jg1mr-att/2026_I_MS_question.pdf	試験問題
OK	live	live	https://www.meiji.ac.jp/ams/exam/qfki0t00000jg1mr-att/2026_I_MS_answer.pdf	解答又は解答例・出題の意図
OK	live	live	https://www.meiji.ac.jp/ams/exam/qfki0t00000jg1mr-att/2026_II_MS_guestion.pdf	試験問題
OK	live	live	https://www.meiji.ac.jp/ams/exam/qfki0t00000jg1mr-att/2026_II_MS_answer.pdf	解答又は解答例・出題の意図
OK	live	live	https://www.meiji.ac.jp/ams/exam/qfki0t00000jg1mr-att/2026_I_FMS_question.pdf	試験問題
OK	live	live	https://www.meiji.ac.jp/ams/exam/qfki0t00000jg1mr-att/2026_I_FMS_answer.pdf	解答又は解答例・出題の意図
OK	live	live	https://www.meiji.ac.jp/ams/exam/qfki0t00000jg1mr-att/2026_II_FMS_question.pdf	試験問題
OK	live	live	https://www.meiji.ac.jp/ams/exam/qfki0t00000jg1mr-att/2026_II_FMS_answer.pdf	解答又は解答例・出題の意図
OK	live	live	https://www.meiji.ac.jp/ams/exam/qfki0t00000jg1mr-att/2026_I_ND_question.pdf	試験問題
OK	live	live	https://www.meiji.ac.jp/ams/exam/qfki0t00000jg1mr-att/2026_I_ND_answer.pdf	解答又は解答例・出題の意図
OK	live	live	https://www.meiji.ac.jp/ams/exam/qfki0t00000jg1mr-att/2026_II_ND_question.pdf	試験問題
OK	live	live	https://www.meiji.ac.jp/ams/exam/qfki0t00000jg1mr-att/2026_II_ND_answer.pdf	解答又は解答例・出題の意図
OK	live	live	https://www.meiji.ac.jp/sst/grad/examination/qfki0t00000jiwd2-att/qfki0t00000jixat.pdf	試験問題
OK	live	live	https://www.meiji.ac.jp/sst/grad/examination/qfki0t00000jiwd2-att/qfki0t00000jixim.pdf	解答等
OK	live	live	https://www.meiji.ac.jp/sst/grad/examination/qfki0t00000jiwd2-att/qfki0t00000jixax.pdf	試験問題
OK	live	live	https://www.meiji.ac.jp/sst/grad/examination/qfki0t00000jiwd2-att/qfki0t00000jixip.pdf	解答等
OK	live	live	https://www.meiji.ac.jp/sst/grad/examination/qfki0t00000jiwd2-att/qfki0t00000jixb0.pdf	試験問題
OK	live	live	https://www.meiji.ac.jp/sst/grad/examination/qfki0t00000jiwd2-att/qfki0t00000jixis.pdf	解答等
OK	live	live	https://www.meiji.ac.jp/sst/grad/examination/qfki0t00000jiwd2-att/qfki0t00000jixb3.pdf	試験問題
OK	live	live	https://www.meiji.ac.jp/sst/grad/examination/qfki0t00000jiwd2-att/qfki0t00000jixja.pdf	解答等
OK	live	live	https://www.meiji.ac.jp/sst/grad/examination/qfki0t00000jiwd2-att/qfki0t00000jixb6.pdf	試験問題
OK	live	live	https://www.meiji.ac.jp/sst/grad/examination/qfki0t00000jiwd2-att/qfki0t00000jixjd.pdf	解答等
OK	live	live	https://www.meiji.ac.jp/sst/grad/examination/qfki0t00000jiwd2-att/qfki0t00000jixb9.pdf	試験問題
OK	live	live	https://www.meiji.ac.jp/sst/grad/examination/qfki0t00000jiwd2-att/qfki0t00000jixje.pdf	解答等
OK	live	live	https://www.meiji.ac.jp/sst/grad/examination/qfki0t00000jiwd2-att/qfki0t00000jixbc.pdf	試験問題
OK	live	live	https://www.meiji.ac.jp/sst/grad/examination/qfki0t00000jiwd2-att/qfki0t00000jixjm.pdf	解答等
OK	live	live	https://www.meiji.ac.jp/sst/grad/examination/qfki0t00000jiwd2-att/qfki0t00000jixbn.pdf	試験問題
OK	live	live	https://www.meiji.ac.jp/sst/grad/examination/qfki0t00000jiwd2-att/qfki0t00000jixo7.pdf	解答等
OK	live	live	https://www.meiji.ac.jp/sst/grad/examination/qfki0t00000jiwd2-att/qfki0t00000jixbq.pdf	試験問題
OK	live	live	https://www.meiji.ac.jp/sst/grad/examination/qfki0t00000jiwd2-att/qfki0t00000jixoc.pdf	解答等
OK	live	live	https://www.meiji.ac.jp/sst/grad/examination/qfki0t00000jiwd2-att/qfki0t00000jixbr.pdf	試験問題
OK	live	live	https://www.meiji.ac.jp/sst/grad/examination/qfki0t00000jiwd2-att/qfki0t00000jixop.pdf	解答等
OK	live	live	https://www.meiji.ac.jp/sst/grad/examination/qfki0t00000jiwd2-att/qfki0t00000jixbu.pdf	試験問題
OK	live	live	https://www.meiji.ac.jp/sst/grad/examination/qfki0t00000jiwd2-att/qfki0t00000jixtu.pdf	解答等
OK	live	live	https://www.meiji.ac.jp/sst/grad/examination/qfki0t00000jiwd2-att/qfki0t00000jixc5.pdf	試験問題
OK	live	live	https://www.meiji.ac.jp/sst/grad/examination/qfki0t00000jiwd2-att/qfki0t00000jlwwo.pdf	解答等
OK	live	live	https://www.meiji.ac.jp/sst/grad/examination/qfki0t00000jiwd2-att/qfki0t00000jixcb.pdf	試験問題
OK	live	live	https://www.meiji.ac.jp/sst/grad/examination/qfki0t00000jiwd2-att/qfki0t00000jixtx.pdf	解答等
OK	live	live	https://www.meiji.ac.jp/sst/grad/examination/qfki0t00000jiwd2-att/qfki0t00000jixco.pdf	試験問題
OK	live	live	https://www.meiji.ac.jp/sst/grad/examination/qfki0t00000jiwd2-att/qfki0t00000jixjj.pdf	解答等
OK	live	live	https://www.meiji.ac.jp/sst/grad/examination/qfki0t00000jiwd2-att/qfki0t00000jixzt.pdf	解答等
FAIL		20161101135442	http://www.meiji.ac.jp/dai_in/bosyuyoko-kakomon/6t5h7p00000gbukw-att/a1477642242752.pdf	&nbsp;明治大学の教育環境の整備充実と2017年度入学者学費の決定について
