# page	english	japanese	added(1=ノートに意味なし→補った)
1	orchid	ラン（蘭）	0
1	I presume so	そう思うよ（ややフォーマル）	0
1	pluck	引き抜く、摘む、むしり取る	0
1	liquefy	液化する	0
1	lounge	もたれかかる、ぶらぶら過ごす	0
1	reap	刈る→収穫する→（利益を）受ける	0
1	harness	（自然の力・感情・エネルギー）を利用する	0
1	reel	巻き取る	0
1	haunt	たびたび行く→（幽霊が）出没する、（記憶が）つきまとう	0
1	gargle	うがいをする	0
1	abound	たくさんある（theories abound 説がたくさんある）	0
1	as to + 疑問詞節	～について（As to your request, I'll consider it.）	0
2	preliminary	下準備（の）、予備の	0
2	gasp	あえぎ、息切れ、はっと驚くこと	0
2	gulf	湾、入り海（bay より大きい）	0
2	engulf	飲み込む、巻き込む	1
2	numeral	数字	0
2	hollow	へこみ、くぼみ；中が空の	0
2	contraction	短縮、縮小	0
2	contract	契約	0
2	configuration	配置、配列	0
2	artistry	芸術的才能	0
3	clumsy	へたな、不器用な（It was clumsy of me.）	0
3	crude	粗雑な	0
3	lofty	非常に高い、高尚な	0
3	lenient	寛大な	0
3	stingy	けちな	0
3	elastic	伸縮する	0
3	trivial	ささいな、つまらない	0
3	unsound	不健全な	0
3	blurry	（形）ぼやけた	0
3	blur	（名）ぼやけ（動）ぼやかす	0
3	bulky	かさばった	0
3	incensed	憤慨した	0
3	incense	香をたく；立腹させる	0
3	compassionate	思いやりのある	0
4	plight	苦境	0
4	asylum	亡命	0
4	relegate(d)	格下げする	0
4	as such	そのようなものとして、そのような立場として	0
4	unbend	（曲がっているものを）伸ばす（過去形 unbent）	0
4	unveil	発表する	0
4	season	～に味付けをする	0
4	detain	（人を）拘束する	0
4	confer	授与する；相談・協議する	0
4	strangle	～を絞め殺す	0
4	vacate	空ける、引き払う、立ち退く	0
4	administer	管理・運営する、（薬を）投与する、実施する	0
4	trigonometry	三角法	0
5	astute	明敏な	0
5	ravage	荒らす、破壊する	0
5	session	会合	0
5	majesty	威厳、権威	0
5	allegation	申し立て、主張	0
5	elevation	高台	0
5	transcription	筆写、転写、書き換え	0
5	coalition	連合、提携	0
5	strain	負担	0
5	deed	行為、行動、功業	0
5	downfall	没落	0
5	a procession of	一連の	0
5	delusion	妄想	0
5	apprentice	見習い	0
5	carpenter	大工	0
5	tender	若い、未熟な、柔らかい、か弱い、優しい	0
5	innumerable	無数の	0
5	numerous	たくさんの	0
5	numerable	数えられる、計算可能な	0
5	coarse	きめの粗い	0
5	judicious	賢明な（judge）	0
5	intangible	触れられない、漠然とした、無形の	0
5	tangible	触れられる、具体的な、明白な	0
5	assumed	仮の、偽りの（assumed name：偽名）	0
5	tempting	魅力的な	0
5	unbending	確固とした、譲らない（She remained unbending in her beliefs.）	0
5	bend	曲げる	0
5	famished	（形）飢えた	0
5	famine	（名）飢饉	0
5	grumpy	気難しい、不機嫌な	0
5	bleak	（景色が）寒々しい、希望のない、陰鬱な、（生活が）乏しい	0
5	crunchy	（食べ物が）パリパリした	0
5	satisfactory	満足な、十分な	0
6	congregate	集まる	0
6	e-commerce	電子商取引	0
6	run down	（動）減って止まる	0
6	run-down	（形）老朽化した	0
6	all at once	一気に	0
6	crescent	三日月	0
6	infestation	まん延、横行	0
6	blotch	斑点	0
6	draw by	引き寄せる	0
6	distract	（意識を）そらす	0
6	berate	叱る（フォーマル・tell off よりきつい）	0
6	entwine	～を絡ませる（指・運命などポジティブ）	0
6	entangle	（ケーブル・問題などが）絡む（ネガティブ）	0
6	encrypt	暗号化する（⇔ decrypt）	1
6	decrypt	暗号を元に戻す	0
6	encipher	暗号化する（⇔ decipher）	1
6	decipher	暗号を読み解く	0
6	cipher	（名）（動）暗号（にする）	0
6	encode	暗号化する	0
6	feature	特集する	0
6	deflect	（攻撃・話題・批判）をそらす	0
6	sweep	掃く；（感情・自然現象・勢力）が襲う	0
6	brag	（うざい感じの）自慢する	0
6	boast	自慢する（brag ほどうざくない）	0
6	plunge	突っ込む、急落する	0
6	dispense	薬を調合・処方する、販売する、（with）なしで済ませる	0
6	indispensable	不可欠な	1
6	dispensable	なくても済む	1
6	repeal	（法律など）を廃止する	0
6	revoke	取り消す	0
6	topple	ぐらつく、倒れる、国家転覆する	0
6	purify	～を浄化する（pure）	0
6	stagger	よろめく、仰天させる	0
6	concede	敗北を認める、譲歩する	0
6	concession	譲歩	1
7	sulfuric acid	硫酸	0
7	sulfur dioxide	二酸化硫黄	0
7	lore	民間伝承	0
7	sweep over	吹き荒れる（sweep-swept-swept さっと掃く）	0
7	ash	灰	0
7	poach	密猟する、侵入する	0
7	alarmingly	驚くほどに	0
7	hamper	～を妨げる	0
7	customs	税関	0
7	park ranger	公園保護官	0
7	ripple	さざ波	0
7	auditor	会計監査人	0
7	janitor	ビルの管理人	0
7	transient	流れ者、短期滞在者；（形）一時の、つかの間の	0
7	contender	競争相手	0
7	prescription	処方箋	0
7	adaptation	適合、改造、脚色	0
7	corridor	廊下	0
7	piracy	著作権侵害、海賊行為（pirate 名：海賊）	0
7	occupier	居住者	0
7	commencement	開始	0
7	tedium	退屈	0
7	tedious	（形）退屈な	1
7	hedge	生け垣	0
7	rite	儀式	0
7	reservoir	貯水池、貯蓄、宝庫	0
7	splinter	（名）破片（形）分離した（動）裂く、割る、裂ける	0
8	alga	藻（複数形 algae）	0
8	stem	（動）せき止める	0
8	underscore	～を強調する	0
8	That's it!	もういい！もう十分！これでおしまい！（怒り・達成・諦め、文脈による）	0
8	So be it.	そうなるなら仕方ない	0
8	Let it be.	放っておけ	0
8	What's done is done.	終わったことはしょうがない	0
8	cynical	（冷笑的な、懐疑的な）皮肉な	0
8	sweltering	うだるように暑い	0
8	swelter	（動）暑さにうだる	0
8	weary	疲れ果てた、飽き飽きした、うんざりした	0
8	weariness	うんざり、疲労	0
8	brutal	（物理的な）残忍な（a brutal attack）	0
8	cruel	（精神的な）残忍な（a cruel joke）	0
8	prime	第一の、主要な、最良最高の（prime example：好例）	0
8	grouchy	不機嫌な（副 grouchily）	0
8	scented	よい香りのする、香水をつけた	0
8	scent	（特によい）香り、臭跡、嗅覚	0
8	dreary	つまらない	0
8	spontaneous	自然発生的な、思いつきで（a spontaneous trip 思いつきの旅）	0
8	conclusive	決定的な（= evident, definite, decisive, unambiguous）	0
8	unambiguous	明確な、あいまいさのない	1
8	oblivious	気付いていない（He was oblivious to the danger.）	0
8	oblivion	忘却	0
8	prescriptive	規範的な、指示的な（⇔ descriptive）	0
8	descriptive	記述的な	0
8	uneventful	平穏な	0
8	unbalanced	（精神的にバランスを崩して）錯乱した、取り乱した	0
8	logistically	（副）業務遂行上	0
8	dubious	不審な、疑わしい	0
8	sheltered	守られた、保護された、甘やかされた（a sheltered childhood 世間知らずの子供時代）	0
9	leave off	外す、除外する	0
9	continental	大陸の	1
9	postmaster	郵便局長	0
9	alliance	同盟	0
9	unintentionally	故意ではなく	0
9	intent	（名）意図（形）熱心な、集中的な	0
9	intend	（動）意図する	0
9	intentional	故意の（⇔ unintentional）	1
9	intentionally	（副）故意に（⇔ unintentionally）	1
9	intentionality	故意性	0
9	inadvertent(ly)	（形）不注意の／（副）不注意に	0
9	entrust	（人に物を）託す：entrust 人 with 物／物 to 人（present, supply, provide も同じ型）	1
9	erupt in + 名詞	突然～する（erupt in anger / chaos / cheers / tears / laughter）	0
9	laughter	（不可算名詞）笑い	0
9	incriminate	罪を負わせる、有罪にする（⇔ acquit）	1
9	acquit	無罪にする	1
9	dread	（動）ひどく怖がる（形）恐ろしい（名）恐怖	0
9	harbor	（罪人などを）かくまう、（感情を）心に抱く	0
9	inflate	膨らませる（⇔ deflate）	1
9	deflate	しぼませる	1
9	groan	うめく、うなる（動／名）	0
9	groom	花婿；手入れする（毛づくろい）；（訓練して）育てる、鍛える	0
9	scrape	こすり落とす	0
9	waver	動揺する	0
9	lurk	潜む（Tigers and leopards lurk in our minds.）	0
9	scramble	はい進む、よじ登る（scramble to do：争って～しようとする）	0
9	hail	歓呼して迎える；（名）あられ、ひょう（It's hailing. / hailstorm）	0
9	revolve	回転する、ぐるぐる回る	0
9	slam	バタンと閉める、酷評する、楽勝する	0
9	threaten to + 動詞	～すると脅す、～しそうである（悪い兆候）（The clouds threaten to rain.）	0
9	widen	広げる（width）	0
9	lengthen	長くする（length）	0
9	heighten	高める（height）	0
9	lighten	軽くする、明るくする（He asked me to lighten the load.）	0
9	darken	暗くする	0
10	porpoise	ネズミイルカ	0
10	strand	～を座礁させる、立ち往生させる	0
10	imminent	差し迫った	0
10	watch out for	注意する	0
10	wash up	浜に打ち上げる／洗う	0
10	cloak	マント、隠すもの、仮面、口実	0
10	cylinder	円柱、円筒	0
10	porch	玄関、ポーチ	0
10	cessation	休止	0
10	fruition	実現、達成（come to fruition：実現する）	0
10	fruit	（名）果物（動）実を結ぶ（bear fruit：実を結ぶ）	0
10	fruitful	実りのある、有意義な	0
10	fruitless	実を結ばない、無駄な	0
10	boot camp	新兵訓練所	0
10	outpost	前哨基地	0
10	envoy	使者、使節	0
10	avail	（名）利益、効用（動）効果がある、役立つ	0
10	to no avail	（副詞句）無駄に（We tried to save him, but to no avail.）	0
10	in vain	無駄に（She waited in vain for hours.）	0
10	traitor	裏切り者	0
10	broker	仲介人	0
10	seclusion	隠遁、隔絶	0
10	caricature	風刺画	0
10	depot	停留所、貯蔵庫	0
10	buckle	留め金	0
10	cramp	ひきつり、けいれん	0
10	solidarity	団結、連帯、結束	0
10	errand	お使い	0
10	sarcasm	嫌味	0
10	dent	へこむ、へこませる（意図的でない）（名／動）	0
10	indent	（型などを）くぼませる、字下げする（名／動）	0
11	treason	反逆罪	0
11	Declaration	宣言	0
11	signatory	署名者	0
11	Continental Congress	アメリカ大陸会議（1774, 1775〜1781）（continental 大陸の／Congress 会議）	0
11	printing press	印刷機	0
11	by leaps and bounds	飛躍的に	0
11	jagged	ギザギザの	0
11	in turn	結果的に	0
11	gorge	山あい、渓谷	0
11	power grid	電力供給網	0
11	fateful	運命を決する、重大な、決定的な	0
11	unrivaled	比類ない（= unparalleled, unequaled）褒め言葉	0
11	incomparable	比較不能なほど素晴らしい	0
11	matchless	無敵の	0
11	dejected	意気消沈した	0
11	endorsed	承認された（be endorsed by）	0
11	acutely	鋭く、敏感に	0
11	crudely	大まかに	0
11	briefly	簡潔に	0
11	glossy	つやつやした、光沢のある	0
11	nostalgic	懐かしい、郷愁を誘う（I felt nostalgic when I saw my old school.）	0
11	pressing	緊急の	0
11	parasitic	寄生の	0
11	thunderous	（音・声が）雷のような	0
11	bossy	威張り散らした	0
11	inventive	独創性のある	0
11	lean	やせた、ひきしまった	0
11	manic	躁状態の	0
11	muddy	泥だらけの	0
11	pathetic	情けない（I'm pathetic. 私、ダメだなぁ）	0
11	alleviated	緩和された	0
11	uptight	神経質な	0
11	cramped	（形）窮屈な（ノートでは cramp（形））	0
11	fussy	つまらないことにこだわる	0
11	faint	かすかな	0
12	parthenogenesis	単為生殖（= virgin birth）	0
12	fertilization	受精、受粉	0
12	fertile	（形）肥沃な	0
12	fertilizer	（名）肥料	0
12	drawback	欠点	0
12	young	（名）動物の子	0
12	offspring	子孫	0
12	mate	交尾する	0
12	downright	全く、完全に（形／副）	0
12	fundraiser	基金調達者	0
12	fundraising	募金	0
12	stuffed toy	ぬいぐるみ	0
12	adopt	養子にする	0
12	inherent	固有の、本来の	0
12	inherently	本質的に	0
12	susceptible to	～の影響を受けやすい	0
12	straddle	～にまたがる（The plants straddle the two provinces.）	0
12	lobby	（議員・政府に）働きかける	0
12	crumble	粉々になる（crumbling structure 崩壊しかけた建造物）	0
12	reassign	～を転任させる	0
12	interrogate	尋問する	0
12	modulate	調節する、加減する	0
12	mystify	惑わす	0
12	plot	たくらむ、陰謀を企てる	0
12	pinpoint	特定する	0
12	knowingly	意図的に、知っていて	0
12	taint	汚す、汚染する	0
12	subtract	引く、減じる	0
12	devour	むさぼり食う、大急ぎで食う	0
12	culprit	犯人	0
12	burglar	侵入盗犯	0
12	thief	こっそり盗む人、泥棒	0
12	robber	（暴力での）強盗	0
12	suspect	容疑者	0
13	abide by	～に従う	0
13	slate	石板（blank slate 白紙の状態）	0
13	mentor	相談相手、良き指導者	0
13	instill	しみ込ませる、徐々に教える	0
13	catalyst	触媒	0
13	collateral	相並んだ、付帯的な（collateral damage：巻き添え被害）	0
13	tingle	ぴりぴり・ちくちくする痛み	0
13	neurological	神経学の	0
13	limbic	大脳辺縁系の（limbic system）	0
13	cerebral	大脳の、脳の、知的な	0
13	cortex	皮質、外皮、大脳皮質（cerebral cortex 大脳皮質）	0
13	tulip	チューリップ	0
13	petal	花弁	0
13	conceit	うぬぼれ（フォーマル）	0
13	vanity	虚栄心、うぬぼれ	1
13	full of yourself	うぬぼれている（You're so full of yourself.）	1
13	suction	吸引	0
13	suck	吸う	0
13	pretext	（騙すような悪い）言い訳（excuse は軽い）	0
13	audacity	厚かましさ、度胸（dare より怒りや感心の気持ちがある）	0
13	audacious	（形）大胆な、ずうずうしい	0
13	dare	（動）あえて～する（名）勇気（助）How dare you say that. / I dare not go.	0
13	a fraction of	ごく一部の	0
13	outage	生産停止、停電	0
13	standstill	停止	0
13	kinship	血族関係、（性質の）類似・近似、親近感（sense of kinship）	0
13	gratuity	心付け、チップ	0
13	impersonation	演技、ものまね、声色	0
13	fidelity	忠誠、忠実（⇔ infidelity）	0
13	infidelity	不貞	0
13	be subject to	～の影響を受ける	0
13	reminder	（名）思い出させるもの	0
13	mold	かび（英 mould）	0
13	stature	名声、地位	0
13	relegation	追放、格下げ、降格	0
14	slab	板	0
14	gravel	砂利、尿砂（症）	0
14	quarry	採石場	0
14	debris	破片、がれき	0
14	ceramic	陶芸品（の）	0
14	maize	トウモロコシ（ヨーロッパ・学術語）	0
14	altar	祭壇	0
14	concave	凹面（⇔ convex）	0
14	convex	凸面	0
14	row / column	行／列、柱	0
14	hieroglyphic	象形文字	0
14	bachelor's degree	学士号	0
14	autism	自閉症	0
14	autism spectrum disorder	自閉スペクトラム症（spectrum：連続体）	0
14	discipline	学問分野	0
14	crown jewel	お宝、最重要資産	0
14	dean	学部長	0
14	fall behind / lag	遅れを取る	0
14	sloppy	だらしない、雑な	0
14	crooked teeth	歯並びが悪い	0
14	crook	（動）湾曲させる、盗む（名）曲がったもの、詐欺師	0
14	scramble	（動）這って進む、登る、ごちゃまぜにする、混乱させる	0
14	scrambled	（形）ごちゃまぜの	0
14	preferable	好ましい	0
14	austere	冷厳な（= stern）	0
14	stern	厳しい、容赦のない	0
14	sinister	不吉な、邪悪な（現在志向）	0
14	ominous	不吉な（未来志向・予兆）	0
14	unanimous	満場一致の	0
14	touchy	（形）怒りっぽい、扱いにくい、デリケートな	0
14	brisk	（形）活発な、きびきびとした	0
14	immense	巨大な、広大な、莫大な、大きな	0
14	slack	緩い（⇔ tight）	0
14	translucent	（形）半透明な	0
14	worth / worthwhile	（前）～の価値がある（worth doing）／（形）価値のある	1
14	oppressive heat	うだるような暑さ	0
15	Finnish	フィンランド人（の）	0
15	test out	検証する	0
15	viability	実行可能性	0
15	penalize	～を罰する	0
15	without any strings attached	付帯条件なしで	0
15	marginalize	中心から外す、重要視しない	0
15	make ends meet	やりくりする	0
15	tenacity	（名）粘り強さ、固執	0
15	grit	（名）不屈の精神、根性	0
15	perseverance	（名）粘り強さ	0
15	persevere	（動）辛抱する	0
15	stubbornness	頑固さ	0
15	cloak	（動）覆い隠す	0
15	upbringing	（名）育てられ方、家庭環境	0
15	bring up	育てる、話題を持ち出す	0
15	tangible	触れられる、明白な、具体的な	0
16	practitioner	実践者	0
16	stunt	（名）技、曲芸（危険な）（動）（植物・知能の）発育を妨げる	0
16	draw upon	（経験など）を利用する	0
16	rudimentary	初歩的な、基礎的な	0
16	gymnastics	体操	0
16	federation	連合、連盟	0
16	federal	連邦の	1
16	squash	～を押しつぶす	0
16	scoff at	～をあざける（laugh at より強い）	0
16	officialdom	公務員、官僚	0
16	cynic	皮肉屋	0
16	scramble to do	必死に・慌てて・あがいて～しようとする	0
16	weaver	織工	0
16	weave	織る	1
16	teller	銀行の窓口係	0
16	accountant	会計士	0
16	account	（動）計算する、説明する	0
16	slump	急落する	0
16	alleviate	軽減する	0
16	ascend	上昇する（⇔ descend）	0
16	descend	下降する	0
16	descendant	子孫（⇔ ancestor）	0
16	ancestor	祖先	1
16	droop	垂れる、しおれる、うなだれる（感情にも）（His shoulders drooped in disappointment.）	0
16	glide	滑るように動く、滑空する（The bird glided through the air.）	0
16	abandon	見捨てる、諦める、感情に身をまかせる	0
16	abound / abundant / abundance	（自）たくさんある（in, with）／（形）豊富な／（名）豊富さ	1
16	emulate	見習う、真似して努力する	0
16	consecrate	ささげる、神聖にする（⇔ desecrate）	0
16	desecrate	冒涜する	0
16	uproot	根こそぎ抜く、（人を）（親しんだ場所から）引き離す	0
16	idolize	～を崇拝する（idol：偶像）	0
16	idle	何もしない、怠けている	0
16	knead	こねる、練る（She kneaded the dough until it was smooth.）	0
16	dough	パン生地	0
17	pristine	手つかずの、原始の	0
17	flora	植物相（⇔ fauna）	0
17	fauna	動物相	0
17	floral	植物の、花のような	0
17	faunal	動物相の	0
17	migratory	（形）移動性の	0
17	boatload	（名）船一杯分（trainload, carload, truckload も同様）	0
17	calf / calves	幼獣、（ウシ・クジラの）子（単／複）	0
17	waterfowl	水鳥（fowl：鳥）	0
17	shorebird	水辺の小鳥	0
17	detrimental	（形）有害な	0
17	undermine	（動）徐々に害する	0
17	overgraze	（動）過放牧する	0
18	trafficking	密売	0
18	on the contrary	それどころか逆に	0
18	Mediterranean	（名）地中海（岸／住民）の	0
18	stay social	社交的でいる	0
18	haul in	（網などを）引き寄せる、引き上げる、手繰り寄せる（漁業でよく使う）	0
18	haul	（動）引っ張る、運ぶ	0
18	fishery	漁業	0
18	privatize	民営化する（← private）	0
18	fish farm	養魚場	0
18	aquaculture	水産養殖	0
18	closed season	禁（猟・漁）期	0
18	no-go zone	禁域（立ち入り禁止区域）	0
18	pretension	主張、要求	0
18	kind of	（副詞）なんか～、ちょっと～（口語 kinda）	0
18	rubbish	（英）ごみ（= garbage, trash）	0
18	ordeal	試練、辛い体験	0
18	grain	粒、穀物（a grain of ～：一粒の～、ちょっとの）	0
18	ditch	溝、水路；（口語・動詞）見捨てる	0
18	stall	屋台、小さな売店、小屋；（動）止まる、行き詰まる、立ち往生させる	0
18	lump	（名）かたまり（a lump of sugar）	0
18	clot	（血・液体の）かたまり	0
18	buffer	（名）緩衝	0
18	pileup	玉突き事故	0
18	in observance of	～に従って（The company will be closed in observance of the national holiday.）	0
19	wetland	湿地帯	0
19	otter	カワウソ	0
19	lawmaker	立法者、国会議員（= legislator）	0
19	To that end,	その目的のために	0
19	may as well	～した方がよい；～するのと同じようなものだ（皮肉）（We may as well leave now.）	0
19	clog	詰まらせる、塞ぐ；（名）詰まり	0
19	compost	堆肥、堆肥にする	0
19	infest	荒らす、横行する、寄生する、たかる	0
19	infested	大量発生した（with）	0
19	weevil	ゾウムシ	0
19	flammable	可燃性の（inflammable も同じ意味）（⇔ nonflammable 非可燃性の）	0
19	formidable	恐ろしい、手強い、畏怖を覚えるほど素晴らしい（a formidable talent / opponent）	0
19	wretched	惨めな	0
19	concerted	（形）一致協力した（concert：調和、協力、音楽会）	0
19	in concert with	～と協力して（Her views are in concert with those of the majority.）	0
19	egotistical	身勝手な、自己中心的な（= selfish, egocentric）	0
19	altruistic	利他的な	0
19	selfless	無私の	0
19	portable	携帯用の	0
19	menacing	威嚇的な、脅迫的な	0
19	menace	危険因子、脅威	0
19	absurd	不条理な、ばかげた（= ridiculous, preposterous）	0
19	treacherous	裏切りの、（見た目に反して）危険な	0
19	manually	手で	0
19	gratify	（動）満足させる（satisfy よりもプライドや感情）	0
19	discriminate	（動）差別する、区別する	0
19	discriminating	（形）区別する、識別能力をもっている	0
19	discriminatory	（形）差別的な	0
20	veer	急に向きを変える、（話・方針が）それる	1
20	stray from	～からはぐれる、（本筋から）それる	1
20	swerve	（車などが）急にハンドルを切る、急に向きを変える	1
20	steer	操縦する、（ある方向へ）導く	1
20	swipe	強く打つ、（画面を）スワイプする、（口語）盗む	1
20	whine	泣き言を言う、（犬が）クンクン鳴く	1
20	clip	切り取る、（クリップで）留める；クリップ、短い映像	1
20	brace	身構える、備える（brace for ～）；支柱	1
20	upstage	（人の）注目を奪う、出し抜く	1
20	clutch	ぎゅっとつかむ、握りしめる	1
20	lodge	泊まる、（苦情などを）申し立てる、突き刺さる	1
20	turbulence	乱気流、（社会の）混乱	1
20	entrapment	わなにかけること、おとり捜査	1
20	interlude	合間、幕間	1
20	shortfall	不足（額）	1
20	proponent	支持者、提唱者	1
20	resurgence	復活、再燃	1
20	embellishment	装飾、（話の）誇張	1
20	rally	集会；回復する、結集する	1
20	erratic	不規則な、気まぐれな	1
20	frantic	必死の、半狂乱の	1
20	mundane	平凡な、ありふれた	1
20	crooked	曲がった、不正な	1
20	blatant	露骨な、あからさまな	1
20	mediocre	平凡な、並以下の	1
20	cosmopolitan	国際的な、世界各地の人がいる	1
20	to some extent	ある程度	0
20	behavior / behaviour	（名）行動（米／英）	0
20	behavioral / behavioural	（形）行動の（米／英）	0
20	a fraction of	一部の、ごくわずかな（Only a fraction of the students passed the exam.）	0
20	regardless	関係なく	0
20	expatriate	（名）国外居住者（動）移住させる（形）国外移住の	0
20	expatriation	（名）国外居住	0
20	at face value	表面通りの意味で	0
20	posit	提唱する、仮定する、置く（← position, positive）	0
20	postulate	仮定する、前提する	0
20	procure	（努力して）手に入れる（≒ acquire）	0
21	flip	ひっくり返す、（ページを）ぱらぱらめくる	1
21	defect	欠陥；（国・党から）離脱する、亡命する	1
21	assimilate	同化する、吸収する	1
21	enchant	魅了する、魔法をかける	1
21	preclude	妨げる、不可能にする	1
21	scribble	走り書きする；走り書き	1
21	sprain	（足首などを）くじく、ねんざ	1
21	crouch	しゃがむ、かがむ	1
21	drop into	（ふらっと）立ち寄る	1
21	slip	滑る、そっと動く；（小さな）紙片、ちょっとした誤り	1
21	bargain	掘り出し物；交渉する	1
21	eloquence	雄弁	1
21	circuit	回路、一周、巡回	1
21	delicacy	珍味、繊細さ	1
21	toll	通行料；（災害の）死傷者数、損害	1
21	referral	紹介、（専門家への）照会	1
21	addiction	依存（症）、中毒	1
21	relegate	格下げする、左遷する	1
21	discourse	談話、講演、論説	1
21	breadth	幅、（知識などの）広さ	1
21	backbone	背骨、中心となるもの	1
21	fright	恐怖、驚き	1
21	jumbled	ごちゃごちゃの	1
21	nosy	詮索好きな	1
21	tactless	気の利かない、無神経な	1
21	commendable	称賛に値する	1
21	outlying	へんぴな、中心から離れた	1
21	responsive	反応の早い、敏感な	1
21	opportune	時宜を得た、好都合な	1
21	reserved	控えめな、遠慮がちな；予約済みの	1
21	resolute	断固とした	1
21	exalted	地位の高い、高貴な	1
21	exalt	（動）高める、称賛する	1
21	paternal	父の、父方の、父親らしい	1
21	cordial	心からの、友好的な	1
22	mind your own business	余計なお世話だ、自分のことを気にしなさい	1
22	be constrained to do	～せざるを得ない（He was constrained to apologize.）	1
22	constrain	制約する、強いる	1
22	wield	（道具・権力を）ふるう、行使する	1
22	hitch	（ちょっとした）支障；引っかける、ヒッチハイクする	1
22	relay	中継する、伝える；リレー	1
22	lease	賃貸借（契約）；賃貸しする	1
22	intersect	交差する	1
22	repel	撃退する、はじく、嫌悪感を与える	1
22	dampen	湿らせる、（熱意などを）くじく	1
22	voucher	割引券、引換券	1
22	infringement	（権利などの）侵害、違反	1
22	commission	委員会、手数料、依頼（する）	1
22	chancellor	（大学の）総長、（独などの）首相	1
22	poaching	密猟、（人材の）引き抜き	1
22	livestock	家畜	1
22	terrain	地形、地域	1
22	amendment	修正（案）、改正	1
22	outcast	のけ者	1
22	freight	貨物（輸送）	1
22	avail	（名）利益、効用（動）役立つ	0
22	unison	一致、斉唱（in unison：一斉に）	1
22	setback	挫折、後退	1
22	supposedly	たぶん、～とされている	1
22	dejected	意気消沈した	0
22	divisive	分裂を生む、対立を招く	1
22	incidentally	ところで、ついでに言えば	1
22	insistent	しつこい、強く主張する	1
22	unwittingly	知らずに、うっかり	1
22	manually	手で	0
22	bear resemblance to	～に似ている	1
22	deputy	（形）副～、代理の	1
22	universal	普遍的な	0
22	universally	一般に、万人に	0
22	big picture	全体像	0
22	too much / so much	too much はネガティブ（やりすぎ、過剰、度が過ぎる）、so much はポジティブ	0
23	weld	溶接する	1
23	wrench	ねじる、もぎ取る；レンチ	1
23	wrest	もぎ取る、（権力などを）奪い取る	1
23	formulate	（計画・理論を）練り上げる、定式化する	1
23	caress	愛撫する、優しくなでる	1
23	skid	（車などが）横滑りする	1
23	citation	引用、表彰	1
23	substitute	（名）代わり、代用品	1
23	creditor	債権者	1
23	successor	後継者	1
23	agitation	動揺、（政治的な）扇動	1
23	eternity	永遠	1
23	antiquity	古代、古美術品	1
23	fraction	一部分、分数	1
23	crest	頂上、（鳥の）とさか、紋章	1
23	sob	すすり泣く	1
23	influx	流入、殺到	1
23	envoy	使者、使節	0
23	operative	工作員、職人；（形）機能している	1
23	upstart	成り上がり者	1
23	correspondence	通信、文通、一致	1
23	constitution	憲法、体質、構成	1
23	detention	拘留、（学校の）居残り	1
23	competent	有能な	1
23	premier	首位の、最高の；首相	1
23	insensitive	無神経な、鈍感な	1
23	proficient	熟達した	1
23	null	無効の（null and void：法的に無効な）	1
23	palpable	明白な、触知できる	1
23	superficial	表面的な、浅はかな	1
23	hearty	心からの、（食事が）たっぷりの	1
23	speculative	推測的な、投機的な	1
23	detached house	一戸建て	0
23	renewed	再燃した、新たな（renewed popularity 再び高まった人気）	0
23	pass the time	時間をつぶす	0
23	transcontinental	大陸横断の	0
23	which is to say	つまり、言い換えれば（= that is to say）	0
23	flock	（動）群がる、詰めかける	0
23	soak up	楽しむ、浸る	0
23	mosque	イスラム教寺院（モスク）	0
23	chiefly	まず第一に、大部分が、主に、ほとんど	0
23	degrade	降格する、（物質を）分解する（Plastic takes hundreds of years to degrade.）	0
23	tread	（もの・人の感情を）踏む、踏みにじる	0
23	bundle	束にする、ひとまとめにする	0
23	wield	巧みに使う、（権力を）行使する（She wielded the sword with great skill.）	0
23	sprain	捻挫する（名：捻挫）	0
23	bruise	打撲、あざ	0
23	fracture	骨折	0
23	scratch	ひっかき傷	0
23	inflammation	炎症	0
23	despise / scorn / disdain / have contempt for	軽蔑する	0
23	crave	切望する（crave 名詞 / crave to do）（I crave chocolate.）	0
23	crave attention	かまってちゃんである（Kids often crave their parents' attention.）	0
23	polarize	二極化する（白黒・優劣はっきり）	0
23	extreme	極端な（take to extremes / get extreme）	0
23	garble	（音声・情報などを）意味不明にする、混乱させる、ごちゃまぜにする	0
23	foil	（名）箔、ホイル（動）（計画・陰謀を）失敗させる、阻止する（foil a plot）	0
23	resort to	最終手段として頼る	0
23	devalue	価値を下げる（The currency was devalued.）	0
23	defy	無視する、反抗する	0
23	defiant	反抗的な、挑戦的な	0
23	fine	上質な、細かい、晴れた；罰金	0
23	liquor	蒸留酒（a fine liquor 上質な蒸留酒）	0
24	bound	跳ねる；（be bound to）きっと～する；境界	1
24	purify	浄化する	0
24	herald	先触れとなる、告げる；先駆け	1
24	sprint	全力疾走（する）（ノートは disprint）	1
24	dispel	（不安・疑いを）払いのける	1
24	meddle	おせっかいを焼く、干渉する	1
24	intervene	介入する、仲裁する	1
24	devour	むさぼり食う	0
24	converge	集まる、収束する	1
24	rejoice	大喜びする	1
24	situate	（ある場所に）置く、位置づける	1
24	backtrack	引き返す、（発言を）撤回する	1
24	capsize	（船が）転覆する	1
24	abound	たくさんある	0
24	acquit	無罪にする	1
24	fumigate	燻蒸消毒する	1
24	consolidate	強化する、統合する	1
24	outlay	支出、経費	1
24	reservoir	貯水池、宝庫	0
24	depot	停留所、貯蔵庫	0
24	pillar	柱、中心人物	1
24	procession	行列、行進	1
24	constrain	制約する、強いる	1
24	habitual	習慣的な、常習的な	1
24	restless	落ち着かない、そわそわした	1
24	representative	（形）代表する（名）代表者	0
24	philosophy	理念、思想、考え方（哲学だけじゃない）	0
24	speak for many	多くの人の気持ちを代弁する（His speech really spoke for many.）	0
24	the case	事実、状況（That's not the case.）	0
24	come into the world	生まれる	0
24	cause	大義、主義、運動、信念	0
24	any time soon	近い将来（I don't think it'll happen any time soon.）	0
24	unlikely	可能性が低い（It's unlikely that he will come.）	0
24	seem unlikely	可能性が低いように見える（It seems unlikely that he will come.）	0
24	after all	①なんだかんだ結局 ②なにしろ～だから	0
24	at all	否定文：全く／疑問文：少しでも～？（Is he angry at all?）	0
24	turnaround	（名）所要時間（納期・処理時間）、好転、方向転換	0
24	procedure	処置、施術、手続き、手順	0
24	arthritis	関節炎（arth-：関節）	0
24	beneficiary	恩恵を受ける人、利益を受ける人、（保険金・遺産の）受け取人、受益者	0
24	illusion	幻想、思い違い、錯覚	0
24	pigment	（名）色素（動）着色する	0
24	budget	（形）手頃な	0
24	even then	その時でさえ	0
24	permanent makeup	アートメイク	0
24	brink	縁、瀬戸際	0
24	scavenger	死肉食動物（例：vulture ハゲワシ・コンドル）	0
24	vulture	ハゲワシ、コンドル	0
24	Midwest	中西部の	0
24	settler	入植者	0
24	nestling	ひな鳥	0
24	digestive juice	消化液	0
24	ridge	尾根、山の背	0
24	blister	水ぶくれ	0
24	disobedience	不服従	0
24	verge	ふち、端（on the verge of ～：～しそう、～寸前）（She was on the verge of tears.）	0
24	expectant	（形）期待している、妊娠している	0
24	blameless	潔白な（道徳的に）	0
24	gaudy	（悪趣味なほど）派手な	0
24	flashy	派手な（gaudy ほど悪くない、目立ちたがりなくらい）	0
24	jumbled	ごちゃごちゃの	0
24	permissive	（道徳的に）緩すぎる（寛大）	0
24	villainous	極悪非道の（villain：ヴィラン、悪党）	0
24	tasteless	味のない、趣味の悪い	0
24	articulate	（形）はきはきした、明瞭な（動）（言葉で）表現する	0
24	obstinate	意固地な	0
24	by the way	ところで（incidentally はフォーマル）	0
24	incidental	付随的な、ついでの	0
24	incidentally	ちなみに	0
25	induce	引き起こす、（人を）説いて～させる	1
25	implicate	（犯罪などに）関与させる、巻き込む	1
25	typify	典型となる、象徴する	1
25	subside	（嵐・痛みなどが）おさまる、沈下する	1
25	perspire	汗をかく	1
25	tickle	くすぐる	1
25	tread	踏む、踏みにじる	0
25	frustrate	挫折させる、いらだたせる	1
25	restrain	抑える、制止する	1
25	agitate	かき乱す、扇動する	1
25	affirm	断言する、肯定する	1
25	withhold	差し控える、保留する	1
25	downsize	（人員・規模を）削減する	1
25	usher	案内する；案内係	1
25	shatter	粉々に砕く	1
25	pepper	（質問などを）浴びせる、ちりばめる；コショウ	1
25	administer	管理・運営する、（薬を）投与する	0
25	gale	強風	1
25	showdown	決着、対決	1
25	mockery	あざけり、笑いもの	1
25	outbreak	（戦争・病気の）発生、勃発	1
25	remnant	残り、名残	1
25	patron	後援者、常連客	1
25	tribute	賛辞、敬意の表れ	1
25	loophole	（法の）抜け穴	1
25	condiment	調味料	1
25	cramp	けいれん、ひきつり	0
25	submissive	従順な	1
25	impaired	損なわれた、障害のある	1
25	conflicting	相反する、矛盾する	1
25	preconceived	先入観の（preconceived idea 先入観）	1
25	upright	直立した、正直な	1
25	formidable	恐ろしい、手強い	0
25	advent	出現、到来、降臨	0
25	laparoscope	腹腔鏡（laparoscopic：腹腔鏡下の）	0
25	incision	切開	0
25	exceptional	非常に優れた	0
25	appendectomy	虫垂切除	0
25	appendix	虫垂（体の部位）	0
25	enabling A to B	（形）A が B できるようにする	0
25	underuse	（動／名）使われてなさすぎ、十分に活用できていない	0
25	preparatory	（形）準備の、予備の	0
25	elite	エリート、エリートの	0
25	get stuck in	はまる、行き詰まる	0
25	become overwhelmed by	～に圧倒される（become：圧倒されてしまう／be：圧倒されている状態）	0
25	university application	大学への出願	0
25	undergo	受ける、経験する、耐える（undergo surgery / undergo hardship）	0
25	be subject to	～の支配下にある（This area is subject to frequent earthquakes.）	0
25	despite one's better judgement	不本意ながら（Despite my better judgement, I ate the entire cake.）	0
25	configure	形成する、設定する	0
25	numeral	数を表す記号（5, Ⅳ, 三など）	0
25	revision	修正、改訂	0
25	sound	（動）～のように聞こえる（That sounds interesting. 面白そう）（形）健全な、しっかりした	0
25	obsolete	時代遅れの	0
25	wicked	邪悪な、不正な	0
25	confer	与える、授与する	0
25	outline	ざっと説明する、概略を述べる	0
25	preservative	防腐剤	0
25	slant	（名）傾き、偏り（動）傾ける	0
25	banner	横断幕、のぼり	0
25	pillar	柱	0
25	virtuous	徳の高い	0
25	virtue	美徳、長所	0
26	undermine	～をむしばむ（undermine civic discourse 市民の議論を土台から崩す）	0
26	civic	市民の	0
26	proponent	支持者、提案者（= proposer）	0
26	take note	注意する	0
26	act	法例、条例	0
26	opt out of	やめる、身を引く	0
26	status quo	現状（The company wants to maintain the status quo.）	0
26	de facto	事実上の、実質的な（ラテン語）（He is the de facto leader of the group.）	0
26	inherently	本質的に	0
26	symptom	（病気の）症状、物事の表れ	0
26	meanwhile	その間に、一方で	1
26	administration	管理（者）、運営、経営、統治	0
26	coverage	範囲（報道・保障などの範囲）（Wi-Fi coverage）	0
26	make up	構成する	0
26	tier	層、段階（numerous tiers of coverage 保障の範囲に多くの層がある）	0
26	disproportionately	不釣り合いに	0
26	proportionate	（形）比例した	0
26	universal	一般的な、普遍的な、全員の、万能の（universal system 全員が利用できるシステム）	0
26	stakeholder	利害関係者	0
26	insurer	保険業者	0
26	pharmaceutical	調剤の、製薬の、薬学の、薬剤師の	0
26	advocate	支持する、支持者	0
26	entail	必然的に伴う（Success entails hard work.）	0
26	levy	（税金を）徴収する	0
27	puncture	（動／名）穴を開ける、パンク、刺し傷	0
27	punctual	（形）時間に正確な	0
27	punctuate	句読点を打つ	0
27	punctuation	句読点、句読法	0
27	punct-	（接頭辞）点を打つイメージ	0
27	fetch	（行って）取ってくる	1
27	steer	操縦する、導く	1
27	whine	泣き言を言う	1
27	uproot	根こそぎ抜く	0
27	upstage	注目を奪う、出し抜く	1
27	entangle	絡ませる	0
27	clip	切り取る、留める	1
27	edge	じりじり進む；縁、優位	1
27	brace	身構える、備える	1
27	veer	急に向きを変える	1
27	dispense	分配する、調合する	0
27	turbulence	乱気流、混乱	1
27	pretense	見せかけ、ふり	1
27	roster	名簿、勤務表	1
27	rally	集会；回復する	1
27	validation	検証、承認	1
27	ordeal	試練	0
27	decency	（名）礼儀正しさ、良識	1
27	courteous	（形）人に対して礼儀のある	0
27	decent	（形）社会的な礼儀のある、まともな	0
27	confidential	機密の、内密の	1
27	erratic	不規則な、気まぐれな	1
27	scripted	台本通りの	1
27	blatant	露骨な	1
27	reputable	評判の良い	1
27	decrepit	老朽化した、よぼよぼの	1
27	unperturbed	動じない、平然とした	1
27	collected	落ち着いた（calm and collected）	1
27	in conjunction with	～と連動して、同時に	0
27	untapped	未開発の	0
27	interconnect	相互に連絡する	0
27	on-demand	オンデマンド、要求に応じて	0
27	orientation	（名）方向（を合わせること）	0
27	time	（動）頃合いを見計らって行う（タイミングを合わせる）、時間を計る（We timed our visit to avoid the crowds.／Can you time how long it takes?）	0
27	overhead	（形／副）頭上の（に）	0
27	The proof is in the pudding.	論より証拠	0
27	legitimate	合法の、まともな、正統の、正真正銘の	0
27	thick	厚い；なまりが強い（speak English with a thick accent）	0
27	stroke	発作、脳卒中	0
27	acquire	得る；（病気を）発症する、かかる	0
27	clot	塊（例：血栓）	0
27	seizure	発作、脳卒中、捕らえること	0
27	berate	叱りつける	0
27	topple	（政府などを）転覆させる	0
27	stagger	よろめく、ふらつく	0
27	concede	譲歩して認める	0
27	tedium	退屈	0
27	contender	競争相手	0
27	janitor	管理人	0
27	occupier	居住者	0
27	hedge	生け垣	0
27	auditor	会計監査人	0
27	sweltering	うだるように暑い	0
27	weary	うんざりした、退屈な（I'm becoming weary of something.）	0
27	dreary	わびしい、退屈な	0
28	operation	企業、運転、運営、作業	0
28	entrepreneurship	企業家精神	0
28	endorse	～を宣伝する、推薦する	0
28	enforceable	法的に強制力のある	0
28	if only because	～という理由だけでも（I'd go, if only because it's fun.）	0
28	if only	（仮定法）～ならいいのに（If only I had more time!）	0
28	incredibly	（信じられないほど）非常に	0
28	trail	負けている、リードされている、遅れをとっている	0
28	resentment	憤り、立腹（← resent）	0
28	resent	憤慨する	1
28	gadgetry	目新しい小道具（機械装置）	0
28	at large	広く、全体に、一般に	0
28	in some ways	ある意味では～（in some way：この方法で）	0
28	in such numbers that	それほど多いので	0
28	drive up	（物価などを）吊り上げる	0
28	drain	流出、損失	0
28	smug	ひとりよがりの	0
28	remit	（金を）送る	0
28	hold true	当てはまる（= apply）	0
28	superiority	優越、高慢	0
28	on top of this	そのうえにさらに	0
28	managerial	経営の	0
28	homegrown	地元産の、国産の、地元出身の	0
28	and beyond	それを超えて、その先にも	0
28	counterpart	同等物、よく似た人	0
28	hail	歓呼して迎える	0
28	lurk	潜伏する	0
28	harbor	かくまう	0
28	provoke	（感情・反応を）ひきおこす	0
28	porch	（建物の）ポーチ	0
28	outpost	前哨基地	0
28	caricature	風刺画	0
28	depot	貯蔵庫	0
28	sarcasm	嫌味	0
28	manic	躁状態の	0
28	deject	落胆させる	0
28	dejected	落ち込んだ	0
28	disable	手足を使えなくする、不自由にする	0
28	disabled	不自由な	0
28	indebted	恩義があって、負債があって	0
28	glossy	光沢のある	0
28	nostalgic	懐旧に満ちた	0
28	forthcoming	来るべき、近く起こる、もうすぐの	0
29	global financial crash	2008年のリーマンショック	0
29	pose	（動）（問題・要求を）提出する、提起する	0
29	drop by less than 10%	10%未満しか下がらない（more than 10%：10%以上下がった）	0
29	hamper	妨げる、阻害する	0
29	human being	人間	0
29	nonetheless / nevertheless	にもかかわらず（ややカジュアル／ややフォーマル）	0
29	by nature	生まれつき、本来的に	0
29	pointless	無意味な、無益な、無得点の（Hiding is pointless. 隠れても無駄だ）	0
29	hearing	聴覚（sense of hearing）（taste, sight, touch, smell）	0
29	sharpen	～を鋭くする	0
29	abort	中止する	0
29	glorify	美化する	0
29	renounce	（信念・権利を）放棄する	0
29	suction	吸引（← suck）	0
29	audacity	厚かましさ、大胆さ	0
29	standstill	停止、休止	0
29	integrity	高潔さ、完全性	0
29	impersonation	物まね、偽装	0
29	terrain	地形	0
29	mold	かび	0
29	fidelity	忠誠、忠実	0
29	arduous	努力を要する、骨の折れる（ノートの綴りは ardous）	0
30	willingly	喜んで、進んで、自発的に	0
30	bear out	裏付ける（borne out：過去分詞）	0
30	all in all	概して	0
30	state-owned	国営の	0
30	be committed to	～することに尽力する、～すると決めている	0
30	hurriedly	急いで（hurry → hurried）	0
30	leaps and bounds	急速に、飛躍的に	0
30	hub	中心、中枢	0
30	gorge	山峡	0
30	jagged	ギザギザの（jaggedness 凹凸）	0
30	in turn	結果として、順番に（もともと追いついていたけど遅れちゃう）	0
30	fall behind	遅れを取る（もともと追いついていたけど遅れちゃう）（He fell behind in math class.）	0
30	lag behind	遅れを取る（継続して：もともと遅れていて、ずっと後ろをついていく感じ）（Japan lags behind in digital compared to others.）	0
30	lag	（動）遅れる（名）遅れ、time lag	0
30	dyslexia	失読症	0
30	autism	自閉症	0
30	dean	学部長	0
30	proven	（名）証明された～	0
30	stereotype	（名）固定観念（動）～を型にはめる	0
30	stereotypical	（形）ありきたりの、決まりきった	0
30	stereotypically	（副）決まりきった型で	0
30	slump	（価格などが）急落する	0
30	contaminate	汚染する	0
30	thread	縫うように進む	0
30	patio	中庭	0
30	poke	突く、つつく	0
30	condiment	薬味、調味料	0
30	stall	売店	0
30	lump	（固くなった）塊	0
30	facade	うわべ、表面	0
30	proposition	（対処すべき）事柄、事業	0
30	engage	約束、契約、婚約	0
30	forgery	偽造物	0
30	pileup	玉突き事故	0
30	in observance of	～に従って（The office is closed in observance of the holiday.）	0
30	credibly	確実に	0
30	discriminating	目の肥えた、区別のできる	0
31	intake	（名）摂取（量）	0
31	identical twins	一卵性（双生児）	0
31	non-identical twins / fraternal twins	二卵性（双生児）	0
31	fraternal	兄弟の、兄弟愛の、友愛の	0
31	fair share	正当な分量、（文脈によっては）かなりの量（I've had my fair share of troubles in life.）	0
31	young	（名）動物の子	0
31	drawback	欠点、難点（draw back → 引き下がる）	0
31	fertilization	受精、肥沃化	0
31	fertilize	受精させる、肥料をやる	0
31	fertile	（形）肥沃な、繁殖能力のある（⇔ infertile 不妊の、繁殖できない）	0
31	fertility	（名）肥沃さ、生殖能力（⇔ infertility 不妊）	0
31	sterile	無菌の、（完全に）不妊の、無駄な（a sterile discussion 実りのない議論）	0
31	test out	～を検証する	0
31	marginalize	重要視しない、軽んじる	0
31	make ends meet	収支を合わせる	0
31	without strings attached	付帯条件なしで	0
31	keen to see	興味を持って見る（The governments are keen to see what the result will be.）	0
31	would have liked to ～	～したかった	0
31	of + 抽象名詞	＝ 形容詞（of interest → interesting / of no use 無駄な / of great value → very valuable）	0
31	for all / with all + 名詞	（名詞）にもかかわらず（I still like you, for all your flaws.）	0
31	wield	巧みに使う	0
31	liquor	蒸留酒	0
31	induce	誘発する	0
31	polarize	二極化させる	0
31	garble	（情報・言葉を）ごちゃにする、わけわからなくする	0
31	ridge	尾根	0
31	blister	水膨れ	0
31	on the verge of	寸前	0
31	advisable	賢明な	0
31	gaudy	派手な	0
31	obstinate	頑固な	0
32	downright	（形／副）徹底的に、完全に	0
32	key	主要な	0
32	fundraiser	資金集めの人	0
32	did + 原形	過去形の強調（意外かもだけどね、あったんだよ）（I did finish my homework! 疑ってるかもだけど宿題やったよ！）	0
32	a chosen few	選ばれた少数の人	0
33	dig into	（物理的にも比喩的にも）グイグイ食い込む、深く関わる、調べる	0
33	proximity	（名詞のみ）近いこと、近似（物理的）	0
33	approximate	（数学の）近似（π is approximately 3.14）	0
33	likely / unlikely	（客観的）ありそう（70%くらい〜90%）／なさそう（He is likely to win.）	0
33	probably / probably not	（主観的）おそらく（60%くらい）／たぶん～ない	0
33	infestation	まん延、横行	0
33	a handful of	一握りの	0
33	board up	板でふさぐ、囲う	0
33	phases of the Moon	月の満ち欠け	0
33	New Moon	新月	0
33	Waxing Crescent	三日月	0
33	wax	（動）満ちる	0
33	First Quarter	上弦の月	0
33	Waxing Gibbous	十三夜（満月直前）	0
33	gibbous	（形）半円より膨らんだ、凸円の（convex）	0
33	Full Moon	満月	0
33	Waning Gibbous	十六夜	0
33	Last Quarter	下弦の月	0
33	Waning Crescent	暁月、細い月	0
33	wane	（動）欠ける、弱くなる、衰える	0
33	prescribed	定められた	0
33	collateral	相並んだ、付帯的な	0
33	instill	注入、滴下、点滴する	0
33	rudimentary	初歩的な	0
33	grand	壮大な、大規模な	0
33	go the way of + 名詞	名詞と同じ運命をたどる（成り行き、結末）	0
34	unconscious	意識不明の（I've been sleeping as if I'm unconscious.）	0
34	allegory	寓意、寓話	0
34	anecdote	逸話	0
34	logistics	詳細な計画	0
34	to date	これまでに、現在までで（= up to now, so far, thus far）	0
34	cortex	皮質、外層、大脳皮質（cerebral cortex）	0
34	navy blue	紺	0
34	pristine	原始のまま、手つかずの	0
34	fauna	動物相	0
34	flora	植物相	0
34	waterfowl	水鳥	0
34	gravel	砂利	0
34	quarry	採石場	0
34	seemingly	見たところは	0
34	along with	～に加えて	0
34	debris	破片、堆積物	0
34	mineral	鉱物、（栄養としての）ミネラル（名／形）	0
34	concave / convex	凹面の／凸面の	0
34	row / column	行（横→）／列（縦↓）	0
