OK	live	live	https://www.hosei.ac.jp/application/files/2617/7242/1364/2026-01-1__-_.pdf	【試験問題】2026-01-1_秋季_修士課程-一般入試_専門科目
OK	live	live	https://www.hosei.ac.jp/application/files/3617/7242/1364/2026-01-2__-_.pdf	【試験問題】2026-01-2_秋季_修士課程-一般入試_外国語
OK	live	live	https://www.hosei.ac.jp/application/files/8717/7242/1364/2026-01-3__-_.pdf	【試験問題】2026-01-3_秋季_修士課程-社会人入試_専門科目
OK	live	live	https://www.hosei.ac.jp/application/files/1817/7242/1364/2026-01-4__--_.pdf	【試験問題】2026-01-4_春季_修士課程-一般入試、研修生-研修生入試_専門科目
OK	live	live	https://www.hosei.ac.jp/application/files/3317/7242/1364/2026-01-5__--_.pdf	【試験問題】2026-01-5_春季_修士課程-一般入試、研修生-研修生入試_外国語
OK	live	live	https://www.hosei.ac.jp/application/files/1517/7242/1364/2026-01-6__-_.pdf	【試験問題】2026-01-6_春季_修士課程-社会人入試_専門科目
OK	live	live	https://www.hosei.ac.jp/application/files/9817/7242/1364/2026-01-7__-_.pdf	【試験問題】2026-01-7_春季_博士後期課程-一般入試_専門科目
OK	live	live	https://www.hosei.ac.jp/application/files/9117/7242/1364/2026-01-8__-_.pdf	【試験問題】2026-01-8_春季_博士後期課程-一般入試_外国語
OK	live	live	https://www.hosei.ac.jp/application/files/3417/7242/1364/2026-01-1__-_.pdf	【解答又は解答例、出題の意図】2026-01-1_秋季_修士課程-一般入試_専門科目
OK	live	live	https://www.hosei.ac.jp/application/files/9717/7242/1364/2026-01-2__-_.pdf	【解答又は解答例、出題の意図】2026-01-2_秋季_修士課程-一般入試_外国語
OK	live	live	https://www.hosei.ac.jp/application/files/7317/7242/1364/2026-01-3__-_.pdf	【解答又は解答例、出題の意図】2026-01-3_秋季_修士課程-社会人入試_専門科目
OK	live	live	https://www.hosei.ac.jp/application/files/9917/7242/1364/2026-01-4__--_.pdf	【解答又は解答例、出題の意図】2026-01-4_春季_修士課程-一般入試、研修生-研修生入試_専門科目
OK	live	live	https://www.hosei.ac.jp/application/files/1517/7242/1364/2026-01-5__--_.pdf	【解答又は解答例、出題の意図】2026-01-5_春季_修士課程-一般入試、研修生-研修生入試_外国語
OK	live	live	https://www.hosei.ac.jp/application/files/6817/7242/1365/2026-01-6__-_.pdf	【解答又は解答例、出題の意図】2026-01-6_春季_修士課程-社会人入試_専門科目
OK	live	live	https://www.hosei.ac.jp/application/files/8517/7242/1365/2026-01-7__-_.pdf	【解答又は解答例、出題の意図】2026-01-7_春季_博士後期課程-一般入試_専門科目
OK	live	live	https://www.hosei.ac.jp/application/files/5717/7242/1365/2026-01-8__-_.pdf	【解答又は解答例、出題の意図】2026-01-8_春季_博士後期課程-一般入試_外国語
OK	live	live	https://www.hosei.ac.jp/application/files/9117/7242/1381/2026-04-1__-_.pdf	【試験問題】2026-04-1_秋季_修士課程-一般入試_専門科目
OK	live	live	https://www.hosei.ac.jp/application/files/1117/7242/1381/2026-04-2__-_.pdf	【試験問題】2026-04-2_秋季_修士課程-一般入試_英語
OK	live	live	https://www.hosei.ac.jp/application/files/1817/7242/1381/2026-04-3__-_.pdf	【試験問題】2026-04-3_秋季_修士課程-社会人入試_専門に関わる小論文
OK	live	live	https://www.hosei.ac.jp/application/files/8617/8098/6236/2026-04-4__--_.pdf	【試験問題】2026-04-4_春季_修士課程-一般入試、研修生-研修生入試_専門科目
OK	live	live	https://www.hosei.ac.jp/application/files/9117/7242/1381/2026-04-5__--_.pdf	【試験問題】2026-04-5_春季_修士課程・博士後期課程-一般入試、研修生-研修生入試_英語
OK	live	live	https://www.hosei.ac.jp/application/files/9317/7242/1382/2026-04-6__-_.pdf	【試験問題】2026-04-6_春季_修士課程-社会人入試_専門に関わる小論文
OK	live	live	https://www.hosei.ac.jp/application/files/7417/7242/1382/2026-04-7__-_.pdf	【試験問題】2026-04-7_春季_博士後期課程-一般入試・社会人入試_専門科目
OK	live	live	https://www.hosei.ac.jp/application/files/5917/7242/1382/2026-04-8__-_.pdf	【試験問題】2026-04-8_春季_研修生-研修生入試_日本語
OK	live	live	https://www.hosei.ac.jp/application/files/3017/7242/1382/2026-04-1__-_.pdf	【解答又は解答例、出題の意図】2026-04-1_秋季_修士課程-一般入試_専門科目
OK	live	live	https://www.hosei.ac.jp/application/files/4217/7242/1382/2026-04-2__-_.pdf	【解答又は解答例、出題の意図】2026-04-2_秋季_修士課程-一般入試_英語
OK	live	live	https://www.hosei.ac.jp/application/files/1717/7242/1382/2026-04-3__-_.pdf	【解答又は解答例、出題の意図】2026-04-3_秋季_修士課程-社会人入試_専門に関わる小論文
OK	live	live	https://www.hosei.ac.jp/application/files/9117/7242/1382/2026-04-4__--_.pdf	【解答又は解答例、出題の意図】2026-04-4_春季_修士課程-一般入試、研修生-研修生入試_専門科目
OK	live	live	https://www.hosei.ac.jp/application/files/4417/7242/1382/2026-04-5__--_.pdf	【解答又は解答例、出題の意図】2026-04-5_春季_修士課程・博士後期課程-一般入試、研修生-研修生入試_英語
OK	live	live	https://www.hosei.ac.jp/application/files/7917/7242/1381/2026-04-6__-_.pdf	【解答又は解答例、出題の意図】2026-04-6_春季_修士課程-社会人入試_専門に関わる小論文
OK	live	live	https://www.hosei.ac.jp/application/files/8917/7242/1381/2026-04-7__-_.pdf	【解答又は解答例、出題の意図】2026-04-7_春季_博士後期課程-一般入試・社会人入試_専門科目
OK	live	live	https://www.hosei.ac.jp/application/files/5217/7242/1381/2026-04-8__-_.pdf	【解答又は解答例、出題の意図】2026-04-8_春季_研修生-研修生入試_日本語
OK	live	live	https://www.hosei.ac.jp/application/files/4517/7433/7718/2026-01_cis.pdf	【試験問題】2026-01-1_第1回_修士課程-一般入試_専門科目
OK	live	live	https://www.hosei.ac.jp/application/files/1417/7433/7718/2026-02_cis.pdf	【試験問題】2026-01-2_第2回_修士課程-一般入試_専門科目
OK	live	live	https://www.hosei.ac.jp/application/files/3717/7433/7718/2026-03_cis.pdf	【試験問題】2026-01-3_第1回_修士課程-社会人特別_小論文
OK	live	live	https://www.hosei.ac.jp/application/files/7317/7433/7718/2026-04_cis.pdf	【試験問題】2026-01-4_第2回_博士後期課程-一般入試_小論文
OK	live	live	https://www.hosei.ac.jp/application/files/3817/7433/7718/2026-05_cis.pdf	【試験問題】2026-01-5_第2回_博士後期課程-社会人特別_小論文
OK	live	live	https://www.hosei.ac.jp/application/files/1317/7440/5282/2026-01_cis.pdf	【解答又は解答例、出題の意図】2026-01-1_第1回_修士課程-一般入試_専門科目
OK	live	live	https://www.hosei.ac.jp/application/files/8517/7433/7811/2026-02_cis.pdf	【解答又は解答例、出題の意図】2026-01-2_第2回_修士課程-一般入試_専門科目
OK	live	live	https://www.hosei.ac.jp/application/files/8817/7433/7811/2026-03_cis.pdf	【解答又は解答例、出題の意図】2026-01-3_第1回_修士課程-社会人特別_小論文
OK	live	live	https://www.hosei.ac.jp/application/files/4617/7433/7811/2026-04_cis.pdf	【解答又は解答例、出題の意図】2026-01-4_第2回_博士後期課程-一般入試_小論文
OK	live	live	https://www.hosei.ac.jp/application/files/3217/7433/7811/2026-05_cis.pdf	【解答又は解答例、出題の意図】2026-01-5_第2回_博士後期課程-社会人特別_小論文
OK	live	live	https://www.hosei.ac.jp/application/files/3717/7431/8547/2026-01-1_kikai.pdf	【試験問題】2026-01-1_第1回_修士課程-一般入試_専門科目
OK	live	live	https://www.hosei.ac.jp/application/files/5817/7431/8547/2026-01-2_kikai.pdf	【試験問題】2026-01-2_第2回_修士課程-一般入試_専門科目
OK	live	live	https://www.hosei.ac.jp/application/files/6417/7431/8547/2026-01-3_kikai.pdf	【試験問題】2026-01-3_第1回_博士後期課程-一般入試_小論文
OK	live	live	https://www.hosei.ac.jp/application/files/1317/7431/8547/2023-01-4_kikai.pdf	【試験問題】2023-01-4_第2回_博士後期課程-一般入試_小論文
OK	live	live	https://www.hosei.ac.jp/application/files/3217/7432/6136/2026-01-1_kikai.pdf	【解答又は解答例、出題の意図】2026-01-1_第1回_修士課程-一般入試_専門科目
OK	live	live	https://www.hosei.ac.jp/application/files/2017/7431/8571/2026-01-2_kikai.pdf	【解答又は解答例、出題の意図】2026-01-2_第2回_修士課程-一般入試_専門科目
OK	live	live	https://www.hosei.ac.jp/application/files/8617/7431/8571/2026-01-3_kikai.pdf	【解答又は解答例、出題の意図】2026-01-3_第1回_博士後期課程-一般入試_小論文
OK	live	live	https://www.hosei.ac.jp/application/files/2317/7431/8571/2023-01-4_kikai.pdf	【解答又は解答例、出題の意図】2023-01-4_第2回_博士後期課程-一般入試_小論文
OK	live	live	https://www.hosei.ac.jp/application/files/1017/7431/8547/2026-04-1_ohjo.pdf	【試験問題】2026-04-1_第1回_修士課程-一般入試_専門科目
OK	live	live	https://www.hosei.ac.jp/application/files/8017/7431/8546/2026-04-2_ohjo.pdf	【試験問題】2026-04-2_第2回_修士課程-一般入試_専門科目
OK	live	live	https://www.hosei.ac.jp/application/files/1217/7431/8547/2025-04-3_ohjo.pdf	【試験問題】2025-04-3_第2回_博士後期課程-一般入試_小論文
OK	live	live	https://www.hosei.ac.jp/application/files/7017/7994/2986/2026-04-1_ohjo_rev.pdf	【解答又は解答例、出題の意図】2026-04-1_第1回_修士課程-一般入試_専門科目
OK	live	live	https://www.hosei.ac.jp/application/files/3117/7994/2986/2026-04-2_ohjo_rev.pdf	【解答又は解答例、出題の意図】2026-04-2_第2回_修士課程-一般入試_専門科目
OK	live	live	https://www.hosei.ac.jp/application/files/2217/7431/8571/2025-04-3_ohjo.pdf	【解答又は解答例、出題の意図】2025-04-3_第2回_博士後期課程-一般入試_小論文
OK	live	20260315170005	https://www.hosei.ac.jp/application/files/1117/7242/1381/2026-04-4__--_.pdf	【試験問題】2026-04-4_春季_修士課程-一般入試、研修生-研修生入試_専門科目
OK	live	20260517020507	https://www.hosei.ac.jp/application/files/2017/7431/8572/2026-04-1_ohjo.pdf	【解答又は解答例、出題の意図】2026-04-1_第1回_修士課程-一般入試_専門科目
OK	live	20260517020507	https://www.hosei.ac.jp/application/files/2017/7431/8572/2026-04-2_ohjo.pdf	【解答又は解答例、出題の意図】2026-04-2_第2回_修士課程-一般入試_専門科目
